timeMillis,timeElapsed,pressure,alt,altV,predictedApogee,dragCoefCmd,dragAngle,flightState
4069,0,1021.9739,-0.0093,-309.6246,665.4279,0.7500,135.0000,1
4086,0,1021.9806,-0.0475,-309.9486,665.8072,0.7500,135.0000,1
4096,0,1021.9801,-0.0578,-310.0131,665.8799,0.7500,135.0000,1
4106,0,1021.9778,-0.0475,-309.9098,665.7572,0.7500,135.0000,1
4116,0,1021.9834,-0.0681,-310.1163,666.0024,0.7500,135.0000,1
4126,0,1021.9807,-0.0681,-310.1163,666.0024,0.7500,135.0000,1
4136,0,1021.9795,-0.0671,-310.1059,665.9901,0.7500,135.0000,1
4146,0,1021.9691,-0.0495,-309.9305,665.7817,0.7500,135.0000,1
4156,0,1021.9780,-0.0372,-309.8066,665.6346,0.7500,135.0000,1
4166,0,1021.9723,-0.0196,-309.6312,665.4260,0.7500,135.0000,1
4176,0,1021.9772,-0.0144,0.0451,-0.0143,0.7500,135.0000,1
4186,0,1021.9768,-0.0310,0.2039,-0.0288,0.7500,135.0000,1
4196,0,1021.9753,-0.0248,0.3303,-0.0192,0.7500,135.0000,1
4206,0,1021.9748,-0.0299,0.1754,-0.0284,0.7500,135.0000,1
4216,0,1021.9740,-0.0237,0.4438,-0.0137,0.7500,135.0000,1
4226,0,1021.9777,-0.0258,0.4232,-0.0167,0.7500,135.0000,1
4236,0,1021.9786,-0.0330,0.3406,-0.0271,0.7500,135.0000,1
4246,0,1021.9835,-0.0516,-0.0207,-0.0516,0.7500,135.0000,1
4256,0,1021.9811,-0.0661,-0.2890,-0.0618,0.7500,135.0000,1
4266,0,1021.9813,-0.0743,-0.5471,-0.0591,0.7500,135.0000,1
4276,0,1021.9760,-0.0691,-0.5471,-0.0539,0.7500,135.0000,1
4286,0,1021.9769,-0.0557,-0.2477,-0.0526,0.7500,135.0000,1
4296,0,1021.9776,-0.0485,-0.2374,-0.0456,0.7500,135.0000,1
4306,0,1021.9689,-0.0217,0.0826,-0.0213,0.7500,135.0000,1
4316,0,1021.9771,-0.0237,-0.0000,-0.0237,0.7500,135.0000,1
4326,0,1021.9734,-0.0165,0.0929,-0.0161,0.7500,135.0000,1
4336,0,1021.9706,-0.0021,0.3096,0.0028,0.7500,135.0000,1
4346,0,1021.9728,-0.0103,0.4129,-0.0016,0.7500,135.0000,1
4356,0,1021.9625,0.0206,0.8670,0.0590,0.7500,135.0000,1
4366,0,1021.9611,0.0470,1.2128,0.1219,0.7500,135.0000,1
4376,0,1021.9636,0.0619,1.3109,0.1495,0.7500,135.0000,1
4386,0,1021.9641,0.0795,1.3522,0.1726,0.7500,135.0000,1
4396,0,1021.9661,0.0722,1.2076,0.1466,0.7500,135.0000,1
4406,0,1021.9622,0.0697,0.9135,0.1122,0.7500,135.0000,1
4416,0,1021.9628,0.0717,0.9548,0.1182,0.7500,135.0000,1
4426,0,1021.9656,0.0686,0.8515,0.1056,0.7500,135.0000,1
4436,0,1021.9666,0.0676,0.6967,0.0923,0.7500,135.0000,1
4446,0,1021.9681,0.0552,0.6554,0.0771,0.7500,135.0000,1
4456,0,1021.9720,0.0361,0.1548,0.0373,0.7500,135.0000,1
4466,0,1021.9756,0.0150,-0.3200,0.0202,0.7500,135.0000,1
4476,0,1021.9822,-0.0186,-0.8051,0.0145,0.7500,135.0000,1
4486,0,1021.9714,-0.0248,-1.0425,0.0306,0.7500,135.0000,1
4496,0,1021.9737,-0.0279,-1.0012,0.0232,0.7500,135.0000,1
4506,0,1021.9745,-0.0258,-0.9548,0.0207,0.7500,135.0000,1
4516,0,1021.9639,0.0129,-0.5883,0.0305,0.7500,135.0000,1
4526,0,1021.9628,0.0315,-0.3716,0.0385,0.7500,135.0000,1
4536,0,1021.9647,0.0506,-0.1703,0.0521,0.7500,135.0000,1
4546,0,1021.9618,0.0774,0.2219,0.0799,0.7500,135.0000,1
4556,0,1021.9735,0.0568,0.2064,0.0589,0.7500,135.0000,1
4566,0,1021.9690,0.0444,0.2942,0.0488,0.7500,135.0000,1
4576,0,1021.9647,0.0444,0.6296,0.0646,0.7500,135.0000,1
4586,0,1021.9695,0.0279,0.5264,0.0420,0.7500,135.0000,1
4596,0,1021.9755,0.0237,0.5161,0.0373,0.7500,135.0000,1
4606,0,1021.9697,0.0222,0.4800,0.0339,0.7500,135.0000,1
4616,0,1021.9720,0.0072,-0.0568,0.0074,0.7500,135.0000,1
4626,0,1021.9803,-0.0165,-0.4800,-0.0048,0.7500,135.0000,1
4636,0,1021.9724,-0.0093,-0.5987,0.0090,0.7500,135.0000,1
4646,0,1021.9752,-0.0206,-0.9806,0.0284,0.7500,135.0000,1
4656,0,1021.9729,-0.0227,-0.7948,0.0095,0.7500,135.0000,1
4666,0,1021.9645,0.0114,-0.3303,0.0169,0.7500,135.0000,1
4676,0,1021.9603,0.0366,-0.0774,0.0369,0.7500,135.0000,1
4686,0,1021.9653,0.0578,0.2993,0.0624,0.7500,135.0000,1
4696,0,1021.9609,0.0831,0.5935,0.1010,0.7500,135.0000,1
4706,0,1021.9650,0.0821,0.5987,0.1003,0.7500,135.0000,1
4716,0,1021.9680,0.0661,0.5883,0.0837,0.7500,135.0000,1
4726,0,1021.9600,0.0774,0.9393,0.1224,0.7500,135.0000,1
4736,0,1021.9554,0.0888,0.9806,0.1378,0.7500,135.0000,1
4746,0,1021.9600,0.0991,1.1973,0.1721,0.7500,135.0000,1
4756,0,1021.9678,0.0996,1.2231,0.1758,0.7500,135.0000,1
4766,0,1021.9724,0.0733,0.6193,0.0928,0.7500,135.0000,1
4776,0,1021.9742,0.0335,-0.0310,0.0336,0.7500,135.0000,1
4786,0,1021.9688,0.0155,-0.4231,0.0246,0.7500,135.0000,1
4796,0,1021.9730,0.0041,-0.7896,0.0359,0.7500,135.0000,1
4806,0,1021.9686,0.0119,-0.7019,0.0370,0.7500,135.0000,1
4816,0,1021.9646,0.0320,-0.3406,0.0379,0.7500,135.0000,1
4826,0,1021.9629,0.0444,-0.3303,0.0499,0.7500,135.0000,1
4836,0,1021.9589,0.0738,-0.1496,0.0749,0.7500,135.0000,1
4846,0,1021.9603,0.0919,-0.0722,0.0921,0.7500,135.0000,1
4856,0,1021.9604,0.1006,0.0103,0.1006,0.7500,135.0000,1
4866,0,1021.9636,0.0991,0.2581,0.1025,0.7500,135.0000,1
4876,0,1021.9614,0.0939,0.6039,0.1125,0.7500,135.0000,1
4886,0,1021.9680,0.0784,0.6296,0.0986,0.7500,135.0000,1
4896,0,1021.9795,0.0382,0.3406,0.0441,0.7500,135.0000,1
4906,0,1021.9750,0.0139,0.0206,0.0140,0.7500,135.0000,1
4916,0,1021.9722,-0.0083,-0.4026,0.0000,0.7500,135.0000,1
4926,0,1021.9796,-0.0330,-0.7741,-0.0025,0.7500,135.0000,1
4936,0,1021.9712,-0.0155,-0.8929,0.0251,0.7500,135.0000,1
4946,0,1021.9749,-0.0155,-1.0735,0.0432,0.7500,135.0000,1
4956,0,1021.9698,-0.0103,-1.1096,0.0524,0.7500,135.0000,1
4966,0,1021.9706,0.0083,-0.9083,0.0503,0.7500,135.0000,1
4976,0,1021.9711,0.0083,-0.8567,0.0457,0.7500,135.0000,1
4986,0,1021.9684,0.0222,-0.5626,0.0383,0.7500,135.0000,1
4996,0,1021.9745,0.0124,-0.2581,0.0158,0.7500,135.0000,1
5006,0,1021.9703,0.0134,-0.0052,0.0134,0.7500,135.0000,1
5016,0,1021.9679,0.0206,0.2890,0.0249,0.7500,135.0000,1
5026,0,1021.9660,0.0258,0.5883,0.0434,0.7500,135.0000,1
5036,0,1021.9668,0.0423,0.5780,0.0593,0.7500,135.0000,1
5046,0,1021.9711,0.0403,0.5574,0.0561,0.7500,135.0000,1
5056,0,1021.9734,0.0279,0.3819,0.0353,0.7500,135.0000,1
5066,0,1021.9698,0.0201,0.1187,0.0208,0.7500,135.0000,1
5076,0,1021.9675,0.0186,0.1032,0.0191,0.7500,135.0000,1
5086,0,1021.9657,0.0299,0.0774,0.0302,0.7500,135.0000,1
5096,0,1021.9642,0.0490,0.3664,0.0559,0.7500,135.0000,1
5106,0,1021.9633,0.0630,0.4954,0.0755,0.7500,135.0000,1
5116,0,1021.9581,0.0831,0.6245,0.1030,0.7500,135.0000,1
5126,0,1021.9614,0.0919,0.6606,0.1141,0.7500,135.0000,1
5136,0,1021.9567,0.1084,0.6606,0.1306,0.7500,135.0000,1
5146,0,1021.9604,0.1146,0.7432,0.1427,0.7500,135.0000,1
5156,0,1021.9617,0.1063,0.7845,0.1377,0.7500,135.0000,1
5166,0,1021.9626,0.1032,0.8309,0.1384,0.7500,135.0000,1
5176,0,1021.9657,0.0836,0.6503,0.1052,0.7500,135.0000,1
5186,0,1021.9752,0.0526,0.2271,0.0553,0.7500,135.0000,1
5196,0,1021.9765,0.0212,-0.2787,0.0251,0.7500,135.0000,1
5206,0,1021.9761,-0.0083,-0.7122,0.0176,0.7500,135.0000,1
5216,0,1021.9774,-0.0320,-1.1509,0.0355,0.7500,135.0000,1
5226,0,1021.9698,-0.0206,-1.1251,0.0439,0.7500,135.0000,1
5236,0,1021.9643,0.0052,-1.0322,0.0595,0.7500,135.0000,1
5246,0,1021.9696,0.0186,-0.9599,0.0655,0.7500,135.0000,1
5256,0,1021.9708,0.0325,-0.7380,0.0603,0.7500,135.0000,1
5266,0,1021.9680,0.0361,-0.6709,0.0591,0.7500,135.0000,1
5276,0,1021.9671,0.0299,-0.5367,0.0446,0.7500,135.0000,1
5286,0,1021.9703,0.0289,-0.2375,0.0318,0.7500,135.0000,1
5296,0,1021.9624,0.0464,0.2529,0.0497,0.7500,135.0000,1
5306,0,1021.9632,0.0562,0.6451,0.0775,0.7500,135.0000,1
5316,0,1021.9629,0.0655,0.9754,0.1140,0.7500,135.0000,1
5326,0,1021.9478,0.1135,1.3418,0.2053,0.7500,135.0000,1
5336,0,1021.9618,0.1146,1.0941,0.1756,0.7500,135.0000,1
5346,0,1021.9589,0.1233,1.0477,0.1793,0.7500,135.0000,1
5356,0,1021.9568,0.1368,1.0425,0.1921,0.7500,135.0000,1
5366,0,1021.9551,0.1208,0.8464,0.1573,0.7500,135.0000,1
5376,0,1021.9576,0.1300,1.0012,0.1811,0.7500,135.0000,1
5386,0,1021.9595,0.1290,1.0012,0.1801,0.7500,135.0000,1
5396,0,1021.9587,0.1244,0.7793,0.1553,0.7500,135.0000,1
5406,0,1021.9462,0.1440,0.8774,0.1832,0.7500,135.0000,1
5416,0,1021.9451,0.1698,1.0425,0.2252,0.7500,135.0000,1
5426,0,1021.9521,0.1853,0.7174,0.2115,0.7500,135.0000,1
5436,0,1021.9508,0.2023,0.8774,0.2415,0.7500,135.0000,1
5446,0,1021.9482,0.1976,0.7432,0.2258,0.7500,135.0000,1
5456,0,1021.9430,0.2023,0.6554,0.2242,0.7500,135.0000,1
5466,0,1021.9470,0.2131,0.9238,0.2566,0.7500,135.0000,1
5476,0,1021.9469,0.2214,0.9135,0.2639,0.7500,135.0000,1
5486,0,1021.9454,0.2276,0.9857,0.2771,0.7500,135.0000,1
5496,0,1021.9449,0.2234,0.9909,0.2735,0.7500,135.0000,1
5506,0,1021.9390,0.2405,0.9651,0.2879,0.7500,135.0000,1
5516,0,1021.9349,0.2658,0.9599,0.3127,0.7500,135.0000,1
5526,0,1021.9290,0.2998,1.1457,0.3667,0.7500,135.0000,1
5536,0,1021.9283,0.3349,1.3264,0.4246,0.7500,135.0000,1
5546,0,1021.9263,0.3618,1.6412,0.4990,0.7500,135.0000,1
5556,0,1021.9270,0.3783,1.7599,0.5361,0.7500,135.0000,1
5566,0,1021.9164,0.4051,1.9199,0.5929,0.7500,135.0000,1
5576,0,1021.9158,0.4314,2.1005,0.6562,0.7500,135.0000,1
5586,0,1021.9095,0.4665,2.3896,0.7573,0.7500,135.0000,1
5596,0,1021.9152,0.4918,2.6838,0.8586,0.7500,135.0000,1
5606,0,1021.9158,0.4933,2.5289,0.8191,0.7500,135.0000,1
5616,0,1021.9155,0.4939,2.2812,0.7589,0.7500,135.0000,1
5626,0,1021.9100,0.4933,1.9354,0.6842,0.7500,135.0000,1
5636,0,1021.9074,0.5104,1.7548,0.6673,0.7500,135.0000,1
5646,0,1021.9114,0.5197,1.5793,0.6468,0.7500,135.0000,1
5656,0,1021.9136,0.5233,1.4503,0.6305,0.7500,135.0000,1
5666,0,1021.9086,0.5259,1.2077,0.6002,0.7500,135.0000,1
5676,0,1021.9146,0.5104,0.7896,0.5422,0.7500,135.0000,1
5686,0,1021.9080,0.5176,0.5109,0.5309,0.7500,135.0000,1
5696,0,1021.9081,0.5295,0.3768,0.5367,0.7500,135.0000,1
5706,0,1021.8956,0.5573,0.6400,0.5782,0.7500,135.0000,1
5716,0,1021.8965,0.5955,1.0167,0.6482,0.7500,135.0000,1
5726,0,1021.8921,0.6291,1.3574,0.7230,0.7500,135.0000,1
5736,0,1021.8976,0.6513,1.4090,0.7524,0.7500,135.0000,1
5746,0,1021.8943,0.6549,1.3522,0.7481,0.7500,135.0000,1
5756,0,1021.8942,0.6600,1.3677,0.7554,0.7500,135.0000,1
5766,0,1021.9001,0.6430,1.1716,0.7130,0.7500,135.0000,1
5776,0,1021.8970,0.6440,1.3367,0.7351,0.7500,135.0000,1
5786,0,1021.8909,0.6523,1.3471,0.7448,0.7500,135.0000,1
5796,0,1021.8824,0.6771,1.4761,0.7881,0.7500,135.0000,1
5806,0,1021.8785,0.7225,1.6516,0.8615,0.7500,135.0000,1
5816,0,1021.8794,0.7591,1.6361,0.8955,0.7500,135.0000,1
5826,0,1021.8783,0.7854,1.5639,0.9101,0.7500,135.0000,1
5836,0,1021.8740,0.8025,1.5122,0.9190,0.7500,135.0000,1
5846,0,1021.8736,0.8128,1.5793,0.9399,0.7500,135.0000,1
5856,0,1021.8741,0.8241,1.6413,0.9614,0.7500,135.0000,1
5866,0,1021.8775,0.8262,1.8322,0.9973,0.7500,135.0000,1
5876,0,1021.8873,0.7983,1.5432,0.9197,0.7500,135.0000,1
5886,0,1021.8807,0.7829,1.3059,0.8698,0.7500,135.0000,1
5896,0,1021.8789,0.7725,0.9549,0.8190,0.7500,135.0000,1
5906,0,1021.8787,0.7694,0.4697,0.7807,0.7500,135.0000,1
5916,0,1021.8734,0.7983,0.3923,0.8062,0.7500,135.0000,1
5926,0,1021.8704,0.8200,0.3458,0.8261,0.7500,135.0000,1
5936,0,1021.8733,0.8324,0.2994,0.8370,0.7500,135.0000,1
5946,0,1021.8717,0.8474,0.3458,0.8535,0.7500,135.0000,1
5956,0,1021.8756,0.8422,0.1807,0.8439,0.7500,135.0000,1
5966,0,1021.8749,0.8329,0.0671,0.8332,0.7500,135.0000,1
5976,0,1021.8640,0.8525,0.5420,0.8675,0.7500,135.0000,1
5986,0,1021.8624,0.8716,0.8877,0.9118,0.7500,135.0000,1
5996,0,1021.8604,0.9036,1.3110,0.9912,0.7500,135.0000,1
6006,0,1021.8649,0.9258,1.5639,1.0504,0.7500,135.0000,1
6016,0,1021.8623,0.9294,1.3110,1.0170,0.7500,135.0000,1
6026,0,1021.8656,0.9227,1.0271,0.9765,0.7500,135.0000,1
6036,0,1021.8622,0.9186,0.8619,0.9565,0.7500,135.0000,1
6046,0,1021.8581,0.9330,0.8568,0.9705,0.7500,135.0000,1
6056,0,1021.8617,0.9341,0.9187,0.9771,0.7500,135.0000,1
6066,0,1021.8563,0.9537,1.2077,1.0280,0.7500,135.0000,1
6076,0,1021.8574,0.9640,1.1148,1.0273,0.7500,135.0000,1
6086,0,1021.8639,0.9521,0.8052,0.9852,0.7500,135.0000,1
6096,0,1021.8639,0.9475,0.4387,0.9573,0.7500,135.0000,1
6106,0,1021.8623,0.9351,0.0929,0.9355,0.7500,135.0000,1
6116,0,1021.8546,0.9413,0.1187,0.9420,0.7500,135.0000,1
6126,0,1021.8568,0.9558,0.3303,0.9613,0.7500,135.0000,1
6136,0,1021.8621,0.9588,0.4026,0.9671,0.7500,135.0000,1
6146,0,1021.8507,0.9836,0.5058,0.9967,0.7500,135.0000,1
6156,0,1021.8517,0.9898,0.5574,1.0056,0.7500,135.0000,1
6166,0,1021.8524,0.9991,0.4542,1.0096,0.7500,135.0000,1
6176,0,1021.8464,1.0326,0.6865,1.0567,0.7500,135.0000,1
6186,0,1021.8513,1.0311,0.7897,1.0629,0.7500,135.0000,1
6196,0,1021.8536,1.0270,0.7948,1.0592,0.7500,135.0000,1
6206,0,1021.8539,1.0239,0.8877,1.0640,0.7500,135.0000,2
6216,1,1021.8494,1.0182,0.7690,1.0483,0.7500,135.0000,2
6226,11,1021.8522,1.0161,0.6039,1.0347,0.7500,135.0000,2
6236,21,1021.8467,1.0311,0.7226,1.0577,0.7500,135.0000,2
6246,31,1021.8494,1.0404,0.5677,1.0568,0.7500,135.0000,2
6256,41,1021.8514,1.0357,0.4593,1.0465,0.7500,135.0000,2
6266,51,1021.8516,1.0363,0.3716,1.0433,0.7500,135.0000,2
6276,61,1021.8566,1.0156,-0.1703,1.0171,0.7500,135.0000,2
6286,71,1021.8531,1.0079,-0.2323,1.0106,0.7500,135.0000,2
6296,81,1021.8511,1.0079,-0.1910,1.0097,0.7500,135.0000,2
6306,91,1021.8505,1.0105,-0.1342,1.0114,0.7500,135.0000,2
6316,101,1021.8491,1.0265,0.0826,1.0268,0.7500,135.0000,2
6326,111,1021.8505,1.0321,0.1600,1.0334,0.7500,135.0000,2
6336,121,1021.8535,1.0270,-0.0413,1.0271,0.7500,135.0000,2
6346,131,1021.8529,1.0218,-0.1858,1.0236,0.7500,135.0000,2
6356,141,1021.8450,1.0301,-0.0568,1.0302,0.7500,135.0000,2
6366,151,1021.8457,1.0404,0.0413,1.0405,0.7500,135.0000,2
6376,161,1021.8528,1.0414,0.2581,1.0448,0.7500,135.0000,2
6386,171,1021.8516,1.0445,0.3665,1.0514,0.7500,135.0000,2
6396,181,1021.8492,1.0357,0.2787,1.0397,0.7500,135.0000,2
6406,191,1021.8480,1.0311,0.2064,1.0333,0.7500,135.0000,2
6416,201,1021.8547,1.0275,0.0103,1.0275,0.7500,135.0000,2
6426,211,1021.8522,1.0259,-0.0619,1.0261,0.7500,135.0000,2
6436,221,1021.8407,1.0435,0.1652,1.0449,0.7500,135.0000,2
6446,231,1021.8352,1.0714,0.4955,1.0839,0.7500,135.0000,2
6456,241,1021.8375,1.1080,0.7794,1.1390,0.7500,135.0000,2
6466,251,1021.8499,1.1126,0.7226,1.1393,0.7500,135.0000,2
6476,261,1021.8583,1.0755,0.3406,1.0814,0.7500,135.0000,2
6486,271,1021.8550,1.0337,-0.1084,1.0343,0.7500,135.0000,2
6496,281,1021.8479,1.0115,-0.2426,1.0145,0.7500,135.0000,2
6506,291,1021.8488,1.0141,-0.1703,1.0155,0.7500,135.0000,2
6516,301,1021.8367,1.0600,0.3252,1.0654,0.7500,135.0000,2
6526,311,1021.8387,1.0941,0.6813,1.1177,0.7500,135.0000,2
6536,321,1021.8417,1.1070,0.6348,1.1275,0.7500,135.0000,2
6546,331,1021.8484,1.1075,0.3613,1.1141,0.7500,135.0000,2
6556,341,1021.8366,1.1080,-0.0000,1.1080,0.7500,135.0000,2
6566,351,1021.8370,1.1111,-0.0155,1.1111,0.7500,135.0000,2
6576,361,1021.8339,1.1281,0.5265,1.1423,0.7500,135.0000,2
6586,371,1021.8374,1.1514,1.1767,1.2219,0.7500,135.0000,2
6596,381,1021.8312,1.1627,1.5122,1.2792,0.7500,135.0000,2
6606,391,1021.8324,1.1725,1.5845,1.3004,0.7500,135.0000,2
6616,401,1021.8333,1.1741,1.1406,1.2404,0.7500,135.0000,2
6626,411,1021.8420,1.1643,0.7019,1.1894,0.7500,135.0000,2
6636,421,1021.8405,1.1446,0.3767,1.1519,0.7500,135.0000,2
6646,431,1021.8342,1.1415,0.3406,1.1475,0.7500,135.0000,2
6656,441,1021.8361,1.1359,0.2786,1.1398,0.7500,135.0000,2
6666,451,1021.8390,1.1421,0.3096,1.1469,0.7500,135.0000,2
6676,461,1021.8323,1.1591,0.3096,1.1640,0.7500,135.0000,2
6686,471,1021.8289,1.1699,0.1859,1.1717,0.7500,135.0000,2
6696,481,1021.8240,1.1957,0.3303,1.2013,0.7500,135.0000,2
6706,491,1021.8262,1.2226,0.5007,1.2353,0.7500,135.0000,2
6716,501,1021.8212,1.2458,0.7174,1.2720,0.7500,135.0000,2
6726,511,1021.8145,1.2768,1.1252,1.3413,0.7500,135.0000,2
6736,521,1021.8221,1.2809,1.3626,1.3755,0.7500,135.0000,2
6746,531,1021.8242,1.2855,1.4401,1.3912,0.7500,135.0000,2
6756,541,1021.8279,1.2711,1.3523,1.3643,0.7500,135.0000,2
6766,551,1021.8219,1.2556,1.1355,1.3213,0.7500,135.0000,2
6776,561,1021.8239,1.2525,0.9342,1.2970,0.7500,135.0000,2
6786,571,1021.8291,1.2422,0.7226,1.2688,0.7500,135.0000,2
6796,581,1021.8248,1.2489,0.5316,1.2633,0.7500,135.0000,2
6806,591,1021.8312,1.2288,0.0619,1.2290,0.7500,135.0000,2
6816,601,1021.8367,1.2024,-0.4336,1.2120,0.7500,135.0000,2
6826,611,1021.8389,1.1823,-0.9446,1.2278,0.7500,135.0000,2
6836,621,1021.8419,1.1457,-1.3523,1.2389,0.7500,135.0000,2
6846,631,1021.8462,1.1137,-1.7188,1.2642,0.7500,135.0000,2
6856,641,1021.8429,1.1008,-1.7033,1.2486,0.7500,135.0000,2
6866,651,1021.8434,1.0910,-1.6465,1.2291,0.7500,135.0000,2
6876,661,1021.8445,1.0848,-1.6775,1.2281,0.7500,135.0000,2
6886,671,1021.8358,1.1064,-1.3576,1.2004,0.7500,135.0000,2
6896,681,1021.8381,1.1157,-1.3317,1.2061,0.7500,135.0000,2
6906,691,1021.8472,1.1075,-1.2130,1.1825,0.7500,135.0000,2
6916,701,1021.8459,1.1049,-0.9756,1.1534,0.7500,135.0000,2
6926,711,1021.8489,1.0775,-1.0479,1.1335,0.7500,135.0000,2
6936,721,1021.8531,1.0461,-0.9962,1.0966,0.7500,135.0000,2
6946,731,1021.8445,1.0517,-0.6194,1.0713,0.7500,135.0000,2
6956,741,1021.8431,1.0574,-0.4336,1.0670,0.7500,135.0000,2
6966,751,1021.8496,1.0564,-0.3459,1.0625,0.7500,135.0000,2
6976,761,1021.8538,1.0548,-0.2994,1.0594,0.7500,135.0000,2
6986,771,1021.8517,1.0399,-0.6658,1.0625,0.7500,135.0000,2
6996,781,1021.8613,1.0007,-1.1510,1.0682,0.7500,135.0000,2
7006,791,1021.8635,0.9712,-1.3626,1.0658,0.7500,135.0000,2
7016,801,1021.8643,0.9490,-1.5588,1.0728,0.7500,135.0000,2
7026,811,1021.8575,0.9367,-1.4091,1.0378,0.7500,135.0000,2
7036,821,1021.8599,0.9403,-1.0581,0.9973,0.7500,135.0000,2
7046,831,1021.8585,0.9511,-1.0065,1.0027,0.7500,135.0000,2
7056,841,1021.8591,0.9619,-0.9549,1.0084,0.7500,135.0000,2
7066,851,1021.8580,0.9609,-0.9549,1.0074,0.7500,135.0000,2
7076,861,1021.8542,0.9723,-0.8258,1.0070,0.7500,135.0000,2
7086,871,1021.8583,0.9723,-0.6762,0.9956,0.7500,135.0000,2
7096,881,1021.8620,0.9666,-0.3407,0.9725,0.7500,135.0000,2
7106,891,1021.8669,0.9475,-0.2374,0.9504,0.7500,135.0000,2
7116,901,1021.8634,0.9284,-0.2065,0.9306,0.7500,135.0000,2
7126,911,1021.8614,0.9217,-0.1497,0.9228,0.7500,135.0000,2
7136,921,1021.8600,0.9263,-0.1394,0.9273,0.7500,135.0000,2
7146,931,1021.8611,0.9387,-0.1239,0.9395,0.7500,135.0000,2
7156,941,1021.8560,0.9547,-0.0723,0.9550,0.7500,135.0000,2
7166,951,1021.8568,0.9640,0.0310,0.9641,0.7500,135.0000,2
7176,961,1021.8596,0.9640,-0.0826,0.9644,0.7500,135.0000,2
7186,971,1021.8721,0.9408,-0.3149,0.9458,0.7500,135.0000,2
7196,981,1021.8704,0.9098,-0.5678,0.9262,0.7500,135.0000,2
7206,991,1021.8690,0.8835,-0.6400,0.9044,0.7500,135.0000,2
7216,1001,1021.8776,0.8453,-0.8310,0.8805,0.7500,135.0000,2
7226,1011,1021.8892,0.8097,-1.1200,0.8736,0.7500,135.0000,2
7236,1021,1021.8906,0.7669,-1.5949,0.8965,0.7500,135.0000,2
7246,1031,1021.8797,0.7447,-1.9407,0.9365,0.7500,135.0000,2
7256,1041,1021.8878,0.7230,-2.3174,0.9965,0.7500,135.0000,2
7266,1051,1021.8918,0.7178,-2.4620,1.0265,0.7500,135.0000,2
7276,1061,1021.8934,0.7116,-2.5239,1.0361,0.7500,135.0000,2
7286,1071,1021.8961,0.6771,-2.6372,1.0313,0.7500,135.0000,2
7296,1081,1021.8997,0.6513,-2.5856,0.9917,0.7500,135.0000,2
7306,1091,1021.9016,0.6311,-2.5238,0.9555,0.7500,135.0000,2
7316,1101,1021.9000,0.6167,-2.2863,0.8829,0.7500,135.0000,2
7326,1111,1021.9064,0.5945,-2.1522,0.8304,0.7500,135.0000,2
7336,1121,1021.9059,0.5816,-1.8528,0.7565,0.7500,135.0000,2
7346,1131,1021.9078,0.5682,-1.7651,0.7269,0.7500,135.0000,2
7356,1141,1021.9042,0.5594,-1.6360,0.6958,0.7500,135.0000,2
7366,1151,1021.9051,0.5615,-1.5638,0.6861,0.7500,135.0000,2
7376,1161,1021.9014,0.5708,-1.4089,0.6719,0.7500,135.0000,2
7386,1171,1021.9001,0.5873,-0.8982,0.6284,0.7500,135.0000,2
7396,1181,1021.9111,0.5728,-0.7846,0.6042,0.7500,135.0000,2
7406,1191,1021.9038,0.5754,-0.5574,0.5912,0.7500,135.0000,2
7416,1201,1021.9124,0.5522,-0.6452,0.5734,0.7500,135.0000,2
7426,1211,1021.9217,0.5062,-0.8826,0.5459,0.7500,135.0000,2
7436,1221,1021.9258,0.4748,-1.0684,0.5329,0.7500,135.0000,2
7446,1231,1021.9244,0.4314,-1.3677,0.5267,0.7500,135.0000,2
7456,1241,1021.9153,0.4257,-1.3368,0.5168,0.7500,135.0000,2
7466,1251,1021.9167,0.4361,-1.2542,0.5162,0.7500,135.0000,2
7476,1261,1021.9154,0.4583,-1.1251,0.5228,0.7500,135.0000,2
7486,1271,1021.9070,0.4944,-0.9290,0.5384,0.7500,135.0000,2
7496,1281,1021.9098,0.5062,-0.6658,0.5288,0.7500,135.0000,2
7506,1291,1021.9059,0.5290,-0.4645,0.5400,0.7500,135.0000,2
7516,1301,1021.9120,0.5367,-0.1548,0.5379,0.7500,135.0000,2
7526,1311,1021.9165,0.5166,0.1032,0.5171,0.7500,135.0000,2
7536,1321,1021.9147,0.5057,0.3097,0.5106,0.7500,135.0000,2
7546,1331,1021.9254,0.4650,0.3355,0.4707,0.7500,135.0000,2
7556,1341,1021.9230,0.4417,0.1600,0.4430,0.7500,135.0000,2
7566,1351,1021.9279,0.4180,-0.1806,0.4197,0.7500,135.0000,2
7576,1361,1021.9330,0.3783,-0.8000,0.4109,0.7500,135.0000,2
7586,1371,1021.9369,0.3535,-1.4090,0.4547,0.7500,135.0000,2
7596,1381,1021.9341,0.3298,-1.7651,0.4885,0.7500,135.0000,2
7606,1391,1021.9303,0.3246,-2.0438,0.5374,0.7500,135.0000,2
7616,1401,1021.9328,0.3256,-2.1109,0.5526,0.7500,135.0000,2
7626,1411,1021.9382,0.3225,-1.9406,0.5144,0.7500,135.0000,2
7636,1421,1021.9364,0.3174,-1.8838,0.4982,0.7500,135.0000,2
7646,1431,1021.9342,0.3091,-1.5586,0.4329,0.7500,135.0000,2
7656,1441,1021.9369,0.3003,-1.4141,0.4022,0.7500,135.0000,2
7666,1451,1021.9376,0.3014,-1.1664,0.3707,0.7500,135.0000,2
7676,1461,1021.9478,0.2771,-1.0116,0.3293,0.7500,135.0000,2
7686,1471,1021.9507,0.2420,-1.1148,0.3054,0.7500,135.0000,2
7696,1481,1021.9427,0.2296,-1.0012,0.2807,0.7500,135.0000,2
7706,1491,1021.9396,0.2255,-0.9909,0.2756,0.7500,135.0000,2
7716,1501,1021.9343,0.2544,-0.7122,0.2803,0.7500,135.0000,2
7726,1511,1021.9371,0.2833,-0.3923,0.2912,0.7500,135.0000,2
7736,1521,1021.9420,0.2849,-0.3252,0.2902,0.7500,135.0000,2
7746,1531,1021.9441,0.2751,-0.3406,0.2810,0.7500,135.0000,2
7756,1541,1021.9429,0.2570,-0.4335,0.2666,0.7500,135.0000,2
7766,1551,1021.9419,0.2462,-0.5522,0.2617,0.7500,135.0000,2
7776,1561,1021.9412,0.2482,-0.2890,0.2525,0.7500,135.0000,2
7786,1571,1021.9354,0.2663,0.2426,0.2693,0.7500,135.0000,2
7796,1581,1021.9408,0.2709,0.4129,0.2796,0.7500,135.0000,2
7806,1591,1021.9491,0.2554,0.2993,0.2600,0.7500,135.0000,2
7816,1601,1021.9414,0.2549,0.0052,0.2549,0.7500,135.0000,2
7826,1611,1021.9408,0.2441,-0.3923,0.2519,0.7500,135.0000,2
7836,1621,1021.9381,0.2503,-0.3458,0.2564,0.7500,135.0000,2
7846,1631,1021.9427,0.2637,-0.1136,0.2644,0.7500,135.0000,2
7856,1641,1021.9388,0.2689,0.1187,0.2696,0.7500,135.0000,2
7866,1651,1021.9493,0.2513,0.0516,0.2515,0.7500,135.0000,2
7876,1661,1021.9503,0.2255,-0.2271,0.2281,0.7500,135.0000,2
7886,1671,1021.9510,0.2075,-0.5884,0.2251,0.7500,135.0000,2
7896,1681,1021.9489,0.1858,-0.8516,0.2227,0.7500,135.0000,2
7906,1691,1021.9478,0.1894,-0.6606,0.2116,0.7500,135.0000,2
7916,1701,1021.9485,0.1935,-0.6142,0.2127,0.7500,135.0000,2
7926,1711,1021.9541,0.1873,-0.5677,0.2038,0.7500,135.0000,2
7936,1721,1021.9550,0.1739,-0.7638,0.2036,0.7500,135.0000,2
7946,1731,1021.9614,0.1450,-1.1870,0.2168,0.7500,135.0000,2
7956,1741,1021.9619,0.1161,-1.5277,0.2350,0.7500,135.0000,2
7966,1751,1021.9576,0.1084,-1.4296,0.2125,0.7500,135.0000,2
7976,1761,1021.9523,0.1146,-1.1096,0.1773,0.7500,135.0000,2
7986,1771,1021.9513,0.1368,-0.7071,0.1622,0.7500,135.0000,2
7996,1781,1021.9586,0.1440,-0.4181,0.1529,0.7500,135.0000,2
8006,1791,1021.9640,0.1300,-0.5937,0.1480,0.7500,135.0000,2
8016,1801,1021.9666,0.1001,-0.9342,0.1446,0.7500,135.0000,2
8026,1811,1021.9670,0.0671,-1.2027,0.1408,0.7500,135.0000,2
8036,1821,1021.9725,0.0372,-1.3678,0.1325,0.7500,135.0000,2
8046,1831,1021.9724,0.0196,-1.2543,0.0998,0.7500,135.0000,2
8056,1841,1021.9750,0.0015,-1.1459,0.0685,0.7500,135.0000,2
8066,1851,1021.9725,-0.0103,-1.1872,0.0615,0.7500,135.0000,2
8076,1861,1021.9709,-0.0062,-1.2078,0.0682,0.7500,135.0000,2
8086,1871,1021.9668,0.0057,-1.3110,0.0933,0.7500,135.0000,2
8096,1881,1021.9679,0.0206,-1.2336,0.0982,0.7500,135.0000,2
8106,1891,1021.9813,0.0015,-1.2851,0.0857,0.7500,135.0000,2
8116,1901,1021.9872,-0.0330,-1.3316,0.0573,0.7500,135.0000,2
8126,1911,1021.9885,-0.0784,-1.4554,0.0295,0.7500,135.0000,2
8136,1921,1021.9759,-0.0960,-1.3315,-0.0056,0.7500,135.0000,2
8146,1931,1021.9690,-0.0691,-0.8877,-0.0290,0.7500,135.0000,2
8156,1941,1021.9623,-0.0165,-0.1806,-0.0149,0.7500,135.0000,2
8166,1951,1021.9676,0.0274,0.3767,0.0346,0.7500,135.0000,2
8176,1961,1021.9662,0.0480,0.5419,0.0630,0.7500,135.0000,2
8186,1971,1021.9618,0.0635,0.5780,0.0805,0.7500,135.0000,2
8196,1981,1021.9562,0.0764,0.5574,0.0922,0.7500,135.0000,2
8206,1991,1021.9541,0.1048,1.0322,0.1591,0.7500,135.0000,2
8216,2001,1021.9600,0.1177,1.5070,0.2334,0.7500,135.0000,2
8226,2011,1021.9599,0.1218,2.0024,0.3261,0.7500,135.0000,2
8236,2021,1021.9644,0.1048,2.0076,0.3101,0.7500,135.0000,2
8246,2031,1021.9683,0.0753,1.4451,0.1817,0.7500,135.0000,2
8256,2041,1021.9789,0.0351,0.5161,0.0487,0.7500,135.0000,2
8266,2051,1021.9747,0.0041,-0.2323,0.0069,0.7500,135.0000,2
8276,2061,1021.9642,0.0041,-0.4387,0.0139,0.7500,135.0000,2
8286,2071,1021.9519,0.0392,-0.2428,0.0422,0.7500,135.0000,2
8296,2081,1021.9589,0.0815,0.0514,0.0817,0.7500,135.0000,2
8306,2091,1021.9635,0.1053,0.0049,0.1053,0.7500,135.0000,2
8316,2101,1021.9604,0.1135,-0.0415,0.1136,0.7500,135.0000,2
8326,2111,1021.9601,0.0965,-0.2531,0.0998,0.7500,135.0000,2
8336,2121,1021.9602,0.0939,-0.1086,0.0945,0.7500,135.0000,2
8346,2131,1021.9518,0.1187,0.4333,0.1283,0.7500,135.0000,2
8356,2141,1021.9462,0.1491,1.1404,0.2154,0.7500,135.0000,2
8366,2151,1021.9458,0.1791,1.7494,0.3350,0.7500,135.0000,2
8376,2161,1021.9446,0.2116,2.0745,0.4308,0.7500,135.0000,2
8386,2171,1021.9460,0.2240,1.8477,0.3979,0.7500,135.0000,2
8396,2181,1021.9507,0.2142,1.3264,0.3038,0.7500,135.0000,2
8406,2191,1021.9453,0.2152,1.0993,0.2768,0.7500,135.0000,2
8416,2201,1021.9391,0.2271,1.1354,0.2928,0.7500,135.0000,2
8426,2211,1021.9477,0.2240,1.2748,0.3068,0.7500,135.0000,2
8436,2221,1021.9503,0.2245,1.3057,0.3114,0.7500,135.0000,2
8446,2231,1021.9486,0.2173,0.9857,0.2668,0.7500,135.0000,2
8456,2241,1021.9532,0.1873,0.3819,0.1948,0.7500,135.0000,2
8466,2251,1021.9503,0.1822,0.0310,0.1822,0.7500,135.0000,2
8476,2261,1021.9540,0.1739,-0.3768,0.1811,0.7500,135.0000,2
8486,2271,1021.9523,0.1667,-0.5729,0.1834,0.7500,135.0000,2
8496,2281,1021.9525,0.1677,-0.4645,0.1787,0.7500,135.0000,2
8506,2291,1021.9495,0.1687,-0.4645,0.1797,0.7500,135.0000,2
8516,2301,1021.9487,0.1801,-0.4697,0.1913,0.7500,135.0000,2
8526,2311,1021.9512,0.1827,-0.4129,0.1914,0.7500,135.0000,2
8536,2321,1021.9471,0.1940,-0.3045,0.1988,0.7500,135.0000,2
8546,2331,1021.9515,0.1899,-0.2735,0.1937,0.7500,135.0000,2
8556,2341,1021.9496,0.1884,0.0103,0.1884,0.7500,135.0000,2
8566,2351,1021.9474,0.1966,0.1445,0.1977,0.7500,135.0000,2
8576,2361,1021.9467,0.1976,0.2374,0.2005,0.7500,135.0000,2
8586,2371,1021.9416,0.2193,0.5264,0.2334,0.7500,135.0000,2
8596,2381,1021.9326,0.2554,0.8774,0.2947,0.7500,135.0000,2
8606,2391,1021.9338,0.2843,1.1561,0.3524,0.7500,135.0000,2
8616,2401,1021.9355,0.3081,1.2799,0.3916,0.7500,135.0000,2
8626,2411,1021.9428,0.3055,1.2283,0.3824,0.7500,135.0000,2
8636,2421,1021.9385,0.2926,0.9858,0.3421,0.7500,135.0000,2
8646,2431,1021.9451,0.2683,0.7845,0.2997,0.7500,135.0000,2
8656,2441,1021.9456,0.2472,0.5883,0.2648,0.7500,135.0000,2
8666,2451,1021.9385,0.2565,0.5987,0.2747,0.7500,135.0000,2
8676,2461,1021.9385,0.2565,0.5883,0.2741,0.7500,135.0000,2
8686,2471,1021.9325,0.2828,0.6347,0.3033,0.7500,135.0000,2
8696,2481,1021.9474,0.2787,0.2322,0.2814,0.7500,135.0000,2
8706,2491,1021.9423,0.2709,-0.1342,0.2718,0.7500,135.0000,2
8716,2501,1021.9421,0.2637,-0.4439,0.2737,0.7500,135.0000,2
8726,2511,1021.9425,0.2431,-0.6246,0.2629,0.7500,135.0000,2
8736,2521,1021.9364,0.2658,-0.2684,0.2694,0.7500,135.0000,2
8746,2531,1021.9332,0.2854,0.1703,0.2869,0.7500,135.0000,2
8756,2541,1021.9293,0.3127,0.6554,0.3346,0.7500,135.0000,2
8766,2551,1021.9309,0.3370,0.8051,0.3700,0.7500,135.0000,2
8776,2561,1021.9269,0.3576,1.0115,0.4098,0.7500,135.0000,2
8786,2571,1021.9254,0.3741,0.9135,0.4167,0.7500,135.0000,2
8796,2581,1021.9325,0.3669,0.8825,0.4066,0.7500,135.0000,2
8806,2591,1021.9385,0.3509,0.7999,0.3835,0.7500,135.0000,2
8816,2601,1021.9382,0.3267,0.6296,0.3469,0.7500,135.0000,2
8826,2611,1021.9370,0.3019,0.5884,0.3195,0.7500,135.0000,2
8836,2621,1021.9396,0.2874,0.2168,0.2898,0.7500,135.0000,2
8846,2631,1021.9408,0.2823,-0.0310,0.2823,0.7500,135.0000,2
8856,2641,1021.9410,0.2766,-0.3613,0.2833,0.7500,135.0000,2
8866,2651,1021.9387,0.2730,-0.6400,0.2939,0.7500,135.0000,2
8876,2661,1021.9351,0.2823,-0.7535,0.3112,0.7500,135.0000,2
8886,2671,1021.9292,0.3070,-0.6710,0.3300,0.7500,135.0000,2
8896,2681,1021.9220,0.3473,-0.1961,0.3493,0.7500,135.0000,2
8906,2691,1021.9290,0.3674,0.1651,0.3688,0.7500,135.0000,2
8916,2701,1021.9336,0.3700,0.4335,0.3796,0.7500,135.0000,2
8926,2711,1021.9348,0.3587,0.5677,0.3751,0.7500,135.0000,2
8936,2721,1021.9297,0.3421,0.5471,0.3574,0.7500,135.0000,2
8946,2731,1021.9304,0.3385,0.5625,0.3547,0.7500,135.0000,2
8956,2741,1021.9362,0.3329,0.5625,0.3490,0.7500,135.0000,2
8966,2751,1021.9419,0.3179,0.4490,0.3282,0.7500,135.0000,2
8976,2761,1021.9424,0.2905,0.0826,0.2909,0.7500,135.0000,2
8986,2771,1021.9436,0.2632,-0.4387,0.2730,0.7500,135.0000,2
8996,2781,1021.9452,0.2441,-1.0321,0.2984,0.7500,135.0000,2
9006,2791,1021.9473,0.2327,-1.3470,0.3252,0.7500,135.0000,2
9016,2801,1021.9435,0.2307,-1.3935,0.3296,0.7500,135.0000,2
9026,2811,1021.9495,0.2188,-1.3986,0.3185,0.7500,135.0000,2
9036,2821,1021.9510,0.2069,-1.3522,0.3001,0.7500,135.0000,2
9046,2831,1021.9480,0.2059,-1.3264,0.2955,0.7500,135.0000,2
9056,2841,1021.9440,0.2049,-1.2799,0.2883,0.7500,135.0000,2
9066,2851,1021.9410,0.2229,-0.9496,0.2689,0.7500,135.0000,2
9076,2861,1021.9365,0.2534,-0.3716,0.2604,0.7500,135.0000,2
9086,2871,1021.9304,0.2900,0.2684,0.2937,0.7500,135.0000,2
9096,2881,1021.9166,0.3473,1.0321,0.4016,0.7500,135.0000,2
9106,2891,1021.9205,0.3907,1.5793,0.5177,0.7500,135.0000,2
9116,2901,1021.9302,0.4046,1.7393,0.5587,0.7500,135.0000,2
9126,2911,1021.9352,0.3948,1.7599,0.5526,0.7500,135.0000,2
9136,2921,1021.9283,0.3690,1.6206,0.5028,0.7500,135.0000,2
9146,2931,1021.9248,0.3597,1.5380,0.4802,0.7500,135.0000,2
9156,2941,1021.9232,0.3741,1.6928,0.5201,0.7500,135.0000,2
9166,2951,1021.9292,0.3865,1.6361,0.5229,0.7500,135.0000,2
9176,2961,1021.9366,0.3690,1.1561,0.4371,0.7500,135.0000,2
9186,2971,1021.9318,0.3545,0.6451,0.3757,0.7500,135.0000,2
9196,2981,1021.9298,0.3406,-0.0671,0.3408,0.7500,135.0000,2
9206,2991,1021.9261,0.3473,-0.4335,0.3569,0.7500,135.0000,2
9216,3001,1021.9254,0.3710,-0.3355,0.3768,0.7500,135.0000,2
9226,3011,1021.9272,0.3808,-0.1394,0.3818,0.7500,135.0000,2
9236,3021,1021.9294,0.3814,0.1239,0.3821,0.7500,135.0000,2
9246,3031,1021.9308,0.3716,0.1187,0.3723,0.7500,135.0000,2
9256,3041,1021.9282,0.3659,-0.0826,0.3662,0.7500,135.0000,2
9266,3051,1021.9359,0.3473,-0.3923,0.3551,0.7500,135.0000,2
9276,3061,1021.9410,0.3230,-0.4593,0.3338,0.7500,135.0000,2
9286,3071,1021.9360,0.3117,-0.4284,0.3210,0.7500,135.0000,2
9296,3081,1021.9263,0.3163,-0.2426,0.3193,0.7500,135.0000,2
9306,3091,1021.9367,0.3148,-0.3252,0.3202,0.7500,135.0000,2
9316,3101,1021.9416,0.3132,-0.5781,0.3303,0.7500,135.0000,2
9326,3111,1021.9394,0.3060,-0.7484,0.3346,0.7500,135.0000,2
9336,3121,1021.9414,0.2740,-1.0735,0.3328,0.7500,135.0000,2
9346,3131,1021.9385,0.2704,-1.0116,0.3226,0.7500,135.0000,2
9356,3141,1021.9393,0.2756,-0.9032,0.3171,0.7500,135.0000,2
9366,3151,1021.9451,0.2637,-0.8361,0.2993,0.7500,135.0000,2
9376,3161,1021.9546,0.2358,-0.8722,0.2746,0.7500,135.0000,2
9386,3171,1021.9573,0.1956,-1.1611,0.2643,0.7500,135.0000,2
9396,3181,1021.9645,0.1429,-1.7339,0.2961,0.7500,135.0000,2
9406,3191,1021.9583,0.1140,-2.0076,0.3194,0.7500,135.0000,2
9416,3201,1021.9511,0.1218,-1.9147,0.3086,0.7500,135.0000,2
9426,3211,1021.9421,0.1548,-1.5120,0.2713,0.7500,135.0000,2
9436,3221,1021.9362,0.2142,-0.5985,0.2324,0.7500,135.0000,2
9446,3231,1021.9446,0.2436,-0.2682,0.2472,0.7500,135.0000,2
9456,3241,1021.9411,0.2647,-0.1082,0.2653,0.7500,135.0000,2
9466,3251,1021.9399,0.2694,0.0570,0.2695,0.7500,135.0000,2
9476,3261,1021.9465,0.2477,0.1189,0.2484,0.7500,135.0000,2
9486,3271,1021.9409,0.2560,0.6039,0.2745,0.7500,135.0000,2
9496,3281,1021.9427,0.2529,1.0993,0.3144,0.7500,135.0000,2
9506,3291,1021.9435,0.2451,1.3110,0.3327,0.7500,135.0000,2
9516,3301,1021.9468,0.2446,1.2285,0.3215,0.7500,135.0000,2
9526,3311,1021.9450,0.2358,0.8103,0.2693,0.7500,135.0000,2
9536,3321,1021.9443,0.2327,0.1858,0.2345,0.7500,135.0000,2
9546,3331,1021.9412,0.2369,-0.0671,0.2371,0.7500,135.0000,2
9556,3341,1021.9358,0.2606,-0.0413,0.2607,0.7500,135.0000,2
9566,3351,1021.9421,0.2673,-0.0207,0.2673,0.7500,135.0000,2
9576,3361,1021.9371,0.2823,0.3458,0.2884,0.7500,135.0000,2
9586,3371,1021.9408,0.2828,0.2684,0.2865,0.7500,135.0000,2
9596,3381,1021.9376,0.2787,0.2580,0.2821,0.7500,135.0000,2
9606,3391,1021.9307,0.3024,0.5729,0.3191,0.7500,135.0000,2
9616,3401,1021.9338,0.3091,0.6451,0.3303,0.7500,135.0000,2
9626,3411,1021.9391,0.3132,0.7741,0.3438,0.7500,135.0000,2
9636,3421,1021.9385,0.3112,0.7845,0.3425,0.7500,135.0000,2
9646,3431,1021.9338,0.3050,0.6813,0.3286,0.7500,135.0000,2
9656,3441,1021.9347,0.3034,0.4284,0.3128,0.7500,135.0000,2
9666,3451,1021.9308,0.3205,0.5316,0.3349,0.7500,135.0000,2
9676,3461,1021.9354,0.3267,0.4438,0.3367,0.7500,135.0000,2
9686,3471,1021.9352,0.3241,0.4129,0.3328,0.7500,135.0000,2
9696,3481,1021.9386,0.3153,0.3665,0.3222,0.7500,135.0000,2
9706,3491,1021.9397,0.2967,-0.0567,0.2969,0.7500,135.0000,2
9716,3501,1021.9375,0.2926,-0.1651,0.2940,0.7500,135.0000,2
9726,3511,1021.9420,0.2781,-0.3510,0.2844,0.7500,135.0000,2
9736,3521,1021.9393,0.2761,-0.3510,0.2824,0.7500,135.0000,2
9746,3531,1021.9323,0.2921,-0.1291,0.2929,0.7500,135.0000,2
9756,3541,1021.9260,0.3163,0.1290,0.3172,0.7500,135.0000,2
9766,3551,1021.9340,0.3329,0.1238,0.3336,0.7500,135.0000,2
9776,3561,1021.9333,0.3463,0.1961,0.3482,0.7500,135.0000,2
9786,3571,1021.9373,0.3349,0.1084,0.3355,0.7500,135.0000,2
9796,3581,1021.9350,0.3158,0.0051,0.3158,0.7500,135.0000,2
9806,3591,1021.9406,0.3019,0.0515,0.3020,0.7500,135.0000,2
9816,3601,1021.9390,0.2900,-0.0259,0.2901,0.7500,135.0000,2
9826,3611,1021.9349,0.2952,0.1703,0.2967,0.7500,135.0000,2
9836,3621,1021.9419,0.2812,0.0516,0.2814,0.7500,135.0000,2
9846,3631,1021.9437,0.2745,-0.1755,0.2761,0.7500,135.0000,2
9856,3641,1021.9495,0.2523,-0.6400,0.2732,0.7500,135.0000,2
9866,3651,1021.9425,0.2369,-0.9600,0.2838,0.7500,135.0000,2
9876,3661,1021.9449,0.2307,-1.1561,0.2988,0.7500,135.0000,2
9886,3671,1021.9437,0.2307,-1.0425,0.2861,0.7500,135.0000,2
9896,3681,1021.9427,0.2446,-0.7122,0.2705,0.7500,135.0000,2
9906,3691,1021.9502,0.2286,-0.7329,0.2560,0.7500,135.0000,2
9916,3701,1021.9551,0.2069,-0.8309,0.2421,0.7500,135.0000,2
9926,3711,1021.9541,0.1853,-1.0993,0.2468,0.7500,135.0000,2
9936,3721,1021.9589,0.1512,-1.3006,0.2374,0.7500,135.0000,2
9946,3731,1021.9565,0.1378,-1.3677,0.2331,0.7500,135.0000,2
9956,3741,1021.9546,0.1388,-1.1354,0.2045,0.7500,135.0000,2
9966,3751,1021.9570,0.1326,-1.0425,0.1880,0.7500,135.0000,2
9976,3761,1021.9559,0.1388,-0.9187,0.1818,0.7500,135.0000,2
9986,3771,1021.9515,0.1491,-0.8155,0.1830,0.7500,135.0000,2
9996,3781,1021.9505,0.1574,-0.8723,0.1962,0.7500,135.0000,2
10006,3791,1021.9525,0.1667,-0.6194,0.1862,0.7500,135.0000,2
10016,3801,1021.9495,0.1801,-0.2684,0.1838,0.7500,135.0000,2
10026,3811,1021.9512,0.1811,-0.0413,0.1812,0.7500,135.0000,2
10036,3821,1021.9554,0.1703,0.1909,0.1722,0.7500,135.0000,2
10046,3831,1021.9540,0.1672,0.2941,0.1716,0.7500,135.0000,2
10056,3841,1021.9634,0.1383,-0.0052,0.1383,0.7500,135.0000,2
10066,3851,1021.9681,0.1022,-0.3045,0.1069,0.7500,135.0000,2
10076,3861,1021.9666,0.0779,-0.6090,0.0968,0.7500,135.0000,2
10086,3871,1021.9720,0.0403,-1.0889,0.1007,0.7500,135.0000,2
10096,3881,1021.9717,0.0227,-1.3470,0.1152,0.7500,135.0000,2
10106,3891,1021.9716,0.0155,-1.5121,0.1320,0.7500,135.0000,2
10116,3901,1021.9707,0.0067,-1.7341,0.1599,0.7500,135.0000,2
10126,3911,1021.9774,-0.0041,-1.8528,0.1708,0.7500,135.0000,2
10136,3921,1021.9855,-0.0330,-2.0334,0.1776,0.7500,135.0000,2
10146,3931,1021.9812,-0.0526,-2.1986,0.1936,0.7500,135.0000,2
10156,3941,1021.9736,-0.0588,-1.9715,0.1392,0.7500,135.0000,2
10166,3951,1021.9759,-0.0568,-1.5896,0.0720,0.7500,135.0000,2
10176,3961,1021.9709,-0.0258,-1.0374,0.0290,0.7500,135.0000,2
10186,3971,1021.9732,-0.0093,-0.4955,0.0032,0.7500,135.0000,2
10196,3981,1021.9734,-0.0083,-0.3097,-0.0034,0.7500,135.0000,2
10206,3991,1021.9757,-0.0083,-0.2374,-0.0054,0.7500,135.0000,2
10216,4001,1021.9790,-0.0258,-0.3251,-0.0204,0.7500,135.0000,2
10226,4011,1021.9852,-0.0506,-0.4645,-0.0396,0.7500,135.0000,2
10236,4021,1021.9847,-0.0753,-0.4232,-0.0662,0.7500,135.0000,2
10246,4031,1021.9828,-0.0898,-0.3716,-0.0828,0.7500,135.0000,2
10256,4041,1021.9865,-0.1053,-0.4645,-0.0943,0.7500,135.0000,2
10266,4051,1021.9847,-0.1042,-0.4748,-0.0927,0.7500,135.0000,2
10276,4061,1021.9821,-0.0980,-0.7225,-0.0714,0.7500,135.0000,2
10286,4071,1021.9910,-0.1156,-1.0630,-0.0580,0.7500,135.0000,2
10296,4081,1021.9934,-0.1311,-1.2282,-0.0542,0.7500,135.0000,2
10306,4091,1022.0034,-0.1703,-1.6205,-0.0365,0.7500,135.0000,2
10316,4101,1022.0013,-0.2116,-1.8578,-0.0357,0.7500,135.0000,2
10326,4111,1021.9923,-0.2147,-1.6411,-0.0775,0.7500,135.0000,2
10336,4121,1021.9899,-0.2074,-1.3211,-0.1185,0.7500,135.0000,2
10346,4131,1021.9948,-0.1889,-0.9908,-0.1388,0.7500,135.0000,2
10356,4141,1021.9882,-0.1610,-0.5573,-0.1452,0.7500,135.0000,2
10366,4151,1021.9890,-0.1538,-0.4954,-0.1413,0.7500,135.0000,2
10376,4161,1021.9836,-0.1404,-0.4231,-0.1312,0.7500,135.0000,2
10386,4171,1021.9833,-0.1166,-0.0103,-0.1166,0.7500,135.0000,2
10396,4181,1021.9987,-0.1383,-0.0723,-0.1380,0.7500,135.0000,2
10406,4191,1021.9977,-0.1569,0.1342,-0.1560,0.7500,135.0000,2
10416,4201,1021.9983,-0.1878,0.2374,-0.1850,0.7500,135.0000,2
10426,4211,1021.9936,-0.2085,0.0619,-0.2083,0.7500,135.0000,2
10436,4221,1021.9953,-0.2013,0.0619,-0.2011,0.7500,135.0000,2
10446,4231,1021.9988,-0.2033,-0.1445,-0.2023,0.7500,135.0000,2
10456,4241,1022.0021,-0.2116,-0.5058,-0.1985,0.7500,135.0000,2
10466,4251,1021.9945,-0.2126,-0.5883,-0.1950,0.7500,135.0000,2
10476,4261,1021.9976,-0.2178,-0.7741,-0.1872,0.7500,135.0000,2
10486,4271,1021.9982,-0.2167,-1.0012,-0.1656,0.7500,135.0000,2
10496,4281,1021.9996,-0.2116,-0.7328,-0.1842,0.7500,135.0000,2
10506,4291,1021.9948,-0.2116,-0.5471,-0.1963,0.7500,135.0000,2
10516,4301,1021.9990,-0.2147,-0.2684,-0.2110,0.7500,135.0000,2
10526,4311,1021.9907,-0.1992,0.0929,-0.1988,0.7500,135.0000,2
10536,4321,1021.9960,-0.1909,0.1032,-0.1904,0.7500,135.0000,2
10546,4331,1021.9936,-0.1889,0.1445,-0.1878,0.7500,135.0000,2
10556,4341,1021.9938,-0.1775,0.3406,-0.1716,0.7500,135.0000,2
10566,4351,1021.9963,-0.1889,0.2374,-0.1860,0.7500,135.0000,2
10576,4361,1021.9975,-0.1920,0.2580,-0.1886,0.7500,135.0000,2
10586,4371,1021.9976,-0.2002,0.1652,-0.1988,0.7500,135.0000,2
10596,4381,1022.0007,-0.2147,-0.0310,-0.2146,0.7500,135.0000,2
10606,4391,1022.0074,-0.2384,-0.2684,-0.2347,0.7500,135.0000,2
10616,4401,1022.0000,-0.2436,-0.2890,-0.2393,0.7500,135.0000,2
10626,4411,1022.0062,-0.2632,-0.6400,-0.2423,0.7500,135.0000,2
10636,4421,1022.0088,-0.2797,-0.8877,-0.2395,0.7500,135.0000,2
10646,4431,1022.0076,-0.2807,-0.9187,-0.2377,0.7500,135.0000,2
10656,4441,1022.0119,-0.3055,-1.2799,-0.2220,0.7500,135.0000,2
10666,4451,1022.0135,-0.3210,-1.3212,-0.2320,0.7500,135.0000,2
10676,4461,1022.0179,-0.3406,-1.4863,-0.2280,0.7500,135.0000,2
10686,4471,1022.0175,-0.3612,-1.6102,-0.2291,0.7500,135.0000,2
10696,4481,1022.0113,-0.3602,-1.4554,-0.2523,0.7500,135.0000,2
10706,4491,1022.0073,-0.3468,-1.0837,-0.2869,0.7500,135.0000,2
10716,4501,1022.0156,-0.3416,-0.9805,-0.2926,0.7500,135.0000,2
10726,4511,1022.0129,-0.3323,-0.6915,-0.3080,0.7500,135.0000,2
10736,4521,1022.0159,-0.3426,-0.6295,-0.3224,0.7500,135.0000,2
10746,4531,1022.0048,-0.3375,-0.5676,-0.3211,0.7500,135.0000,2
10756,4541,1021.9966,-0.2972,0.0826,-0.2969,0.7500,135.0000,2
10766,4551,1022.0016,-0.2725,0.4852,-0.2605,0.7500,135.0000,2
10776,4561,1022.0029,-0.2446,0.9600,-0.1976,0.7500,135.0000,2
10786,4571,1022.0012,-0.2363,1.2490,-0.1569,0.7500,135.0000,2
10796,4581,1021.9996,-0.2425,1.1767,-0.1720,0.7500,135.0000,2
10806,4591,1021.9985,-0.2363,1.1044,-0.1742,0.7500,135.0000,2
10816,4601,1022.0073,-0.2456,0.9599,-0.1987,0.7500,135.0000,2
10826,4611,1022.0087,-0.2621,0.7019,-0.2370,0.7500,135.0000,2
10836,4621,1022.0074,-0.2797,0.6296,-0.2595,0.7500,135.0000,2
10846,4631,1022.0067,-0.2972,0.4025,-0.2890,0.7500,135.0000,2
10856,4641,1022.0111,-0.3055,-0.0826,-0.3051,0.7500,135.0000,2
10866,4651,1022.0115,-0.3117,-0.3922,-0.3038,0.7500,135.0000,2
10876,4661,1022.0089,-0.3148,-0.7019,-0.2897,0.7500,135.0000,2
10886,4671,1022.0093,-0.3199,-0.8361,-0.2843,0.7500,135.0000,2
10896,4681,1022.0101,-0.3179,-0.7535,-0.2889,0.7500,135.0000,2
10906,4691,1022.0155,-0.3261,-0.8980,-0.2850,0.7500,135.0000,2
10916,4701,1022.0054,-0.3199,-0.7432,-0.2918,0.7500,135.0000,2
10926,4711,1022.0045,-0.3096,-0.4748,-0.2981,0.7500,135.0000,2
10936,4721,1022.0067,-0.3024,-0.2271,-0.2998,0.7500,135.0000,2
10946,4731,1022.0097,-0.2900,0.0722,-0.2897,0.7500,135.0000,2
10956,4741,1022.0112,-0.3024,0.0310,-0.3023,0.7500,135.0000,2
10966,4751,1021.9968,-0.2859,0.2580,-0.2825,0.7500,135.0000,2
10976,4761,1021.9965,-0.2642,0.5057,-0.2512,0.7500,135.0000,2
10986,4771,1021.9901,-0.2219,0.9802,-0.1729,0.7500,135.0000,2
10996,4781,1021.9944,-0.1858,1.3209,-0.0969,0.7500,135.0000,2
11006,4791,1021.9984,-0.1899,1.3622,-0.0954,0.7500,135.0000,2
11016,4801,1021.9955,-0.1868,1.3312,-0.0965,0.7500,135.0000,2
11026,4811,1021.9969,-0.2013,1.0834,-0.1414,0.7500,135.0000,2
11036,4821,1022.0026,-0.2188,0.8357,-0.1832,0.7500,135.0000,2
11046,4831,1022.0068,-0.2353,0.5467,-0.2201,0.7500,135.0000,2
11056,4841,1022.0045,-0.2539,0.4847,-0.2419,0.7500,135.0000,2
11066,4851,1022.0074,-0.2766,0.0925,-0.2762,0.7500,135.0000,2
11076,4861,1022.0021,-0.2745,-0.1036,-0.2740,0.7500,135.0000,2
11086,4871,1021.9990,-0.2570,-0.3510,-0.2507,0.7500,135.0000,2
11096,4881,1021.9929,-0.2332,-0.4749,-0.2218,0.7500,135.0000,2
11106,4891,1022.0017,-0.2209,-0.3097,-0.2160,0.7500,135.0000,2
11116,4901,1021.9966,-0.2095,-0.2272,-0.2069,0.7500,135.0000,2
11126,4911,1022.0013,-0.2136,-0.1239,-0.2129,0.7500,135.0000,2
11136,4921,1021.9977,-0.2240,-0.0516,-0.2238,0.7500,135.0000,2
11146,4931,1021.9965,-0.2126,0.2271,-0.2100,0.7500,135.0000,2
11156,4941,1022.0028,-0.2250,0.2890,-0.2207,0.7500,135.0000,2
11166,4951,1022.0030,-0.2281,0.4851,-0.2161,0.7500,135.0000,2
11176,4961,1021.9988,-0.2312,0.4335,-0.2216,0.7500,135.0000,2
11186,4971,1021.9979,-0.2343,0.2271,-0.2317,0.7500,135.0000,2
11196,4981,1022.0010,-0.2302,0.0310,-0.2301,0.7500,135.0000,2
11206,4991,1021.9972,-0.2178,0.0310,-0.2177,0.7500,135.0000,2
11216,5001,1021.9975,-0.2157,-0.0619,-0.2155,0.7500,135.0000,2
11226,5011,1022.0065,-0.2332,-0.1961,-0.2313,0.7500,135.0000,2
11236,5021,1022.0132,-0.2590,-0.3509,-0.2528,0.7500,135.0000,2
11246,5031,1022.0204,-0.3096,-0.9702,-0.2616,0.7500,135.0000,2
11256,5041,1022.0142,-0.3447,-1.1973,-0.2717,0.7500,135.0000,2
11266,5051,1022.0085,-0.3499,-1.2179,-0.2743,0.7500,135.0000,2
11276,5061,1022.0050,-0.3323,-1.0115,-0.2802,0.7500,135.0000,2
11286,5071,1022.0046,-0.2993,-0.6503,-0.2778,0.7500,135.0000,2
11296,5081,1021.9985,-0.2663,-0.3614,-0.2596,0.7500,135.0000,2
11306,5091,1022.0029,-0.2539,-0.3614,-0.2472,0.7500,135.0000,2
11316,5101,1022.0038,-0.2508,-0.3511,-0.2445,0.7500,135.0000,2
11326,5111,1022.0030,-0.2477,-0.1446,-0.2466,0.7500,135.0000,2
11336,5121,1022.0068,-0.2652,-0.0622,-0.2650,0.7500,135.0000,2
11346,5131,1022.0038,-0.2673,0.4229,-0.2582,0.7500,135.0000,2
11356,5141,1022.0076,-0.2745,0.7016,-0.2494,0.7500,135.0000,2
11366,5151,1022.0083,-0.2859,0.6397,-0.2650,0.7500,135.0000,2
11376,5161,1022.0153,-0.3034,0.2887,-0.2992,0.7500,135.0000,2
11386,5171,1022.0057,-0.3076,-0.0828,-0.3072,0.7500,135.0000,2
11396,5181,1022.0044,-0.3003,-0.3407,-0.2944,0.7500,135.0000,2
11406,5191,1022.0065,-0.2972,-0.4337,-0.2877,0.7500,135.0000,2
11416,5201,1022.0028,-0.2714,-0.2066,-0.2693,0.7500,135.0000,2
11426,5211,1022.0053,-0.2704,-0.2272,-0.2678,0.7500,135.0000,2
11436,5221,1022.0085,-0.2797,-0.1445,-0.2786,0.7500,135.0000,2
11446,5231,1022.0031,-0.2725,-0.0516,-0.2723,0.7500,135.0000,2
11456,5241,1021.9972,-0.2590,0.1548,-0.2578,0.7500,135.0000,2
11466,5251,1022.0009,-0.2498,0.3612,-0.2431,0.7500,135.0000,2
11476,5261,1022.0009,-0.2343,0.6915,-0.2099,0.7500,135.0000,2
11486,5271,1022.0120,-0.2529,0.5470,-0.2376,0.7500,135.0000,2
11496,5281,1022.0049,-0.2704,0.2993,-0.2658,0.7500,135.0000,2
11506,5291,1022.0083,-0.2859,0.1135,-0.2852,0.7500,135.0000,2
11516,5301,1022.0057,-0.2962,-0.2477,-0.2931,0.7500,135.0000,2
11526,5311,1022.0081,-0.2879,-0.1755,-0.2864,0.7500,135.0000,2
11536,5321,1022.0108,-0.3014,-0.2168,-0.2990,0.7500,135.0000,2
11546,5331,1022.0106,-0.3065,-0.3406,-0.3006,0.7500,135.0000,2
11556,5341,1022.0192,-0.3344,-0.7535,-0.3055,0.7500,135.0000,2
11566,5351,1022.0145,-0.3478,-0.9806,-0.2988,0.7500,135.0000,2
11576,5361,1022.0067,-0.3395,-1.0528,-0.2831,0.7500,135.0000,2
11586,5371,1022.0016,-0.3199,-0.6709,-0.2970,0.7500,135.0000,2
11596,5381,1022.0013,-0.2828,-0.1239,-0.2820,0.7500,135.0000,2
11606,5391,1022.0005,-0.2518,0.3406,-0.2459,0.7500,135.0000,2
11616,5401,1022.0044,-0.2467,0.4954,-0.2342,0.7500,135.0000,2
11626,5411,1022.0067,-0.2580,0.2993,-0.2535,0.7500,135.0000,2
11636,5421,1022.0120,-0.2818,0.1961,-0.2798,0.7500,135.0000,2
11646,5431,1022.0099,-0.3014,0.0516,-0.3012,0.7500,135.0000,2
11656,5441,1022.0068,-0.3065,0.2787,-0.3026,0.7500,135.0000,2
11666,5451,1022.0068,-0.3065,0.4129,-0.2978,0.7500,135.0000,2
11676,5461,1022.0016,-0.2838,0.5574,-0.2680,0.7500,135.0000,2
11686,5471,1021.9946,-0.2508,0.6914,-0.2264,0.7500,135.0000,2
11696,5481,1021.9999,-0.2363,0.4644,-0.2254,0.7500,135.0000,2
11706,5491,1022.0024,-0.2271,0.2476,-0.2239,0.7500,135.0000,2
11716,5501,1022.0090,-0.2436,0.0308,-0.2435,0.7500,135.0000,2
11726,5511,1022.0101,-0.2766,-0.1861,-0.2748,0.7500,135.0000,2
11736,5521,1022.0139,-0.3055,-0.2377,-0.3026,0.7500,135.0000,2
11746,5531,1022.0175,-0.3375,-0.3616,-0.3308,0.7500,135.0000,2
11756,5541,1022.0074,-0.3334,-0.2687,-0.3297,0.7500,135.0000,2
11766,5551,1022.0096,-0.3323,-0.2584,-0.3289,0.7500,135.0000,2
11776,5561,1021.9996,-0.3014,-0.1758,-0.2998,0.7500,135.0000,2
11786,5571,1021.9940,-0.2508,-0.0002,-0.2508,0.7500,135.0000,2
11796,5581,1021.9901,-0.2147,0.2165,-0.2123,0.7500,135.0000,2
11806,5591,1021.9935,-0.1816,0.4540,-0.1711,0.7500,135.0000,2
11816,5601,1021.9917,-0.1651,0.7843,-0.1338,0.7500,135.0000,2
11826,5611,1021.9913,-0.1589,1.1767,-0.0884,0.7500,135.0000,2
11836,5621,1021.9923,-0.1631,1.4244,-0.0597,0.7500,135.0000,2
11846,5631,1021.9999,-0.1765,1.6102,-0.0444,0.7500,135.0000,2
11856,5641,1021.9863,-0.1651,1.6824,-0.0209,0.7500,135.0000,2
11866,5651,1021.9915,-0.1662,1.6618,-0.0255,0.7500,135.0000,2
11876,5661,1021.9984,-0.1796,1.2179,-0.1040,0.7500,135.0000,2
11886,5671,1022.0007,-0.1806,0.7019,-0.1555,0.7500,135.0000,2
11896,5681,1022.0016,-0.2126,0.0206,-0.2126,0.7500,135.0000,2
11906,5691,1021.9996,-0.2302,-0.4851,-0.2182,0.7500,135.0000,2
11916,5701,1022.0061,-0.2467,-0.8154,-0.2128,0.7500,135.0000,2
11926,5711,1022.0109,-0.2683,-1.0941,-0.2073,0.7500,135.0000,2
11936,5721,1022.0055,-0.2766,-1.1354,-0.2109,0.7500,135.0000,2
11946,5731,1021.9988,-0.2756,-0.9909,-0.2255,0.7500,135.0000,2
11956,5741,1021.9915,-0.2446,-0.7948,-0.2124,0.7500,135.0000,2
11966,5751,1021.9971,-0.2157,-0.4954,-0.2032,0.7500,135.0000,2
11976,5761,1021.9960,-0.1961,-0.1652,-0.1947,0.7500,135.0000,2
11986,5771,1022.0004,-0.2002,-0.1961,-0.1983,0.7500,135.0000,2
11996,5781,1021.9977,-0.2136,-0.0103,-0.2136,0.7500,135.0000,2
12006,5791,1021.9982,-0.2157,0.1445,-0.2146,0.7500,135.0000,2
12016,5801,1021.9963,-0.2157,0.3097,-0.2108,0.7500,135.0000,2
12026,5811,1021.9969,-0.2085,0.5987,-0.1902,0.7500,135.0000,2
12036,5821,1021.9951,-0.2033,0.7329,-0.1759,0.7500,135.0000,2
12046,5831,1021.9975,-0.2013,0.7432,-0.1731,0.7500,135.0000,2
12056,5841,1021.9995,-0.2085,0.3613,-0.2018,0.7500,135.0000,2
12066,5851,1021.9935,-0.2013,0.1446,-0.2002,0.7500,135.0000,2
12076,5861,1021.9911,-0.1920,0.0414,-0.1919,0.7500,135.0000,2
12086,5871,1021.9923,-0.1806,0.1962,-0.1787,0.7500,135.0000,2
12096,5881,1021.9916,-0.1641,0.4955,-0.1516,0.7500,135.0000,2
12106,5891,1021.9918,-0.1600,0.5574,-0.1441,0.7500,135.0000,2
12116,5901,1021.9973,-0.1724,0.4335,-0.1628,0.7500,135.0000,2
12126,5911,1022.0042,-0.1982,0.1032,-0.1976,0.7500,135.0000,2
12136,5921,1022.0044,-0.2250,-0.2168,-0.2226,0.7500,135.0000,2
12146,5931,1022.0038,-0.2508,-0.4954,-0.2383,0.7500,135.0000,2
12156,5941,1022.0077,-0.2735,-0.6503,-0.2519,0.7500,135.0000,2
12166,5951,1022.0040,-0.2735,-0.7225,-0.2469,0.7500,135.0000,2
12176,5961,1022.0000,-0.2652,-0.7328,-0.2379,0.7500,135.0000,2
12186,5971,1022.0063,-0.2704,-0.8980,-0.2293,0.7500,135.0000,2
12196,5981,1022.0067,-0.2683,-1.0425,-0.2130,0.7500,135.0000,2
12206,5991,1022.0055,-0.2714,-1.1147,-0.2081,0.7500,135.0000,2
12216,6001,1022.0046,-0.2807,-1.0838,-0.2209,0.7500,135.0000,2
12226,6011,1021.9935,-0.2529,-0.5471,-0.2376,0.7500,135.0000,2
12236,6021,1022.0060,-0.2508,-0.2581,-0.2474,0.7500,135.0000,2
12246,6031,1022.0042,-0.2487,0.0206,-0.2487,0.7500,135.0000,2
12256,6041,1022.0067,-0.2539,0.1961,-0.2519,0.7500,135.0000,2
12266,6051,1022.0042,-0.2766,-0.0310,-0.2765,0.7500,135.0000,2
12276,6061,1022.0051,-0.2745,-0.0929,-0.2741,0.7500,135.0000,2
12286,6071,1022.0095,-0.2859,-0.1548,-0.2847,0.7500,135.0000,2
12296,6081,1022.0070,-0.2869,-0.1858,-0.2852,0.7500,135.0000,2
12306,6091,1022.0096,-0.2983,-0.2684,-0.2946,0.7500,135.0000,2
12316,6101,1022.0092,-0.3065,-0.2580,-0.3031,0.7500,135.0000,2
12326,6111,1022.0082,-0.3034,-0.5058,-0.2904,0.7500,135.0000,2
12336,6121,1022.0097,-0.3096,-0.5883,-0.2920,0.7500,135.0000,2
12346,6131,1022.0071,-0.3034,-0.5471,-0.2882,0.7500,135.0000,2
12356,6141,1022.0059,-0.2972,-0.4335,-0.2877,0.7500,135.0000,2
12366,6151,1022.0013,-0.2828,-0.0619,-0.2826,0.7500,135.0000,2
12376,6161,1021.9927,-0.2456,0.2890,-0.2414,0.7500,135.0000,2
12386,6171,1021.9922,-0.2147,0.7120,-0.1888,0.7500,135.0000,2
12396,6181,1021.9991,-0.2002,0.8669,-0.1619,0.7500,135.0000,2
12406,6191,1021.9993,-0.1971,1.0114,-0.1450,0.7500,135.0000,2
12416,6201,1022.0015,-0.2147,0.9186,-0.1717,0.7500,135.0000,2
12426,6211,1021.9957,-0.2219,0.8154,-0.1880,0.7500,135.0000,2
12436,6221,1021.9995,-0.2229,0.8670,-0.1846,0.7500,135.0000,2
12446,6231,1021.9937,-0.2116,0.9186,-0.1686,0.7500,135.0000,2
12456,6241,1021.9967,-0.2013,0.9599,-0.1543,0.7500,135.0000,2
12466,6251,1021.9982,-0.2064,0.7638,-0.1767,0.7500,135.0000,2
12476,6261,1021.9926,-0.1920,0.5367,-0.1773,0.7500,135.0000,2
12486,6271,1021.9950,-0.1951,0.1962,-0.1931,0.7500,135.0000,2
12496,6281,1021.9976,-0.1971,0.0310,-0.1971,0.7500,135.0000,2
12506,6291,1022.0026,-0.2064,-0.0928,-0.2060,0.7500,135.0000,2
12516,6301,1022.0057,-0.2332,-0.1858,-0.2315,0.7500,135.0000,2
12526,6311,1022.0055,-0.2549,-0.3303,-0.2494,0.7500,135.0000,2
12536,6321,1022.0083,-0.2787,-0.5574,-0.2628,0.7500,135.0000,2
12546,6331,1022.0090,-0.2921,-0.8051,-0.2590,0.7500,135.0000,2
12556,6341,1022.0060,-0.2921,-0.9083,-0.2500,0.7500,135.0000,2
12566,6351,1022.0051,-0.2910,-0.8464,-0.2545,0.7500,135.0000,2
12576,6361,1022.0104,-0.2952,-1.0322,-0.2409,0.7500,135.0000,2
12586,6371,1022.0122,-0.3014,-1.0631,-0.2438,0.7500,135.0000,2
12596,6381,1022.0142,-0.3199,-1.2283,-0.2431,0.7500,135.0000,2
12606,6391,1022.0156,-0.3416,-1.3521,-0.2485,0.7500,135.0000,2
12616,6401,1022.0063,-0.3334,-1.0012,-0.2823,0.7500,135.0000,2
12626,6411,1022.0129,-0.3354,-0.8051,-0.3024,0.7500,135.0000,2
12636,6421,1022.0104,-0.3272,-0.4851,-0.3152,0.7500,135.0000,2
12646,6431,1022.0048,-0.3045,-0.1239,-0.3037,0.7500,135.0000,2
12656,6441,1022.0033,-0.2983,-0.0619,-0.2981,0.7500,135.0000,2
12666,6451,1022.0023,-0.2756,0.1548,-0.2743,0.7500,135.0000,2
12676,6461,1022.0091,-0.2735,0.2167,-0.2711,0.7500,135.0000,2
12686,6471,1022.0097,-0.2838,0.1755,-0.2822,0.7500,135.0000,2
12696,6481,1022.0110,-0.3003,0.1962,-0.2984,0.7500,135.0000,2
12706,6491,1022.0157,-0.3282,0.1342,-0.3273,0.7500,135.0000,2
12716,6501,1022.0116,-0.3334,-0.0000,-0.3334,0.7500,135.0000,2
12726,6511,1022.0079,-0.3303,0.0516,-0.3301,0.7500,135.0000,2
12736,6521,1022.0045,-0.3158,0.1135,-0.3152,0.7500,135.0000,2
12746,6531,1022.0084,-0.3014,0.0310,-0.3013,0.7500,135.0000,2
12756,6541,1022.0070,-0.2910,0.0722,-0.2908,0.7500,135.0000,2
12766,6551,1022.0133,-0.3024,-0.2684,-0.2987,0.7500,135.0000,2
12776,6561,1022.0137,-0.3220,-0.4851,-0.3100,0.7500,135.0000,2
12786,6571,1022.0125,-0.3313,-0.4749,-0.3198,0.7500,135.0000,2
12796,6581,1022.0167,-0.3519,-0.5162,-0.3384,0.7500,135.0000,2
12806,6591,1022.0104,-0.3457,-0.1755,-0.3442,0.7500,135.0000,2
12816,6601,1022.0055,-0.3282,0.0516,-0.3281,0.7500,135.0000,2
12826,6611,1022.0093,-0.3210,0.0929,-0.3205,0.7500,135.0000,2
12836,6621,1022.0114,-0.3107,0.0516,-0.3105,0.7500,135.0000,2
12846,6631,1022.0077,-0.3055,-0.0413,-0.3054,0.7500,135.0000,2
12856,6641,1022.0132,-0.3220,-0.3097,-0.3171,0.7500,135.0000,2
12866,6651,1022.0120,-0.3282,-0.2580,-0.3248,0.7500,135.0000,2
12876,6661,1022.0045,-0.3137,0.0826,-0.3134,0.7500,135.0000,2
12886,6671,1022.0060,-0.3096,0.2167,-0.3072,0.7500,135.0000,2
12896,6681,1022.0096,-0.3024,0.4954,-0.2899,0.7500,135.0000,2
12906,6691,1022.0065,-0.2900,0.5574,-0.2742,0.7500,135.0000,2
12916,6701,1022.0042,-0.2900,0.3819,-0.2826,0.7500,135.0000,2
12926,6711,1022.0025,-0.2828,0.3819,-0.2754,0.7500,135.0000,2
12936,6721,1021.9982,-0.2570,0.5367,-0.2423,0.7500,135.0000,2
12946,6731,1021.9943,-0.2312,0.7431,-0.2030,0.7500,135.0000,2
12956,6741,1021.9980,-0.2178,1.0425,-0.1624,0.7500,135.0000,2
12966,6751,1022.0037,-0.2198,1.0838,-0.1600,0.7500,135.0000,2
12976,6761,1022.0057,-0.2363,0.7741,-0.2058,0.7500,135.0000,2
12986,6771,1022.0021,-0.2529,0.5677,-0.2364,0.7500,135.0000,2
12996,6781,1022.0001,-0.2570,0.4542,-0.2465,0.7500,135.0000,2
13006,6791,1022.0002,-0.2498,0.4026,-0.2415,0.7500,135.0000,2
13016,6801,1021.9987,-0.2343,0.5574,-0.2184,0.7500,135.0000,2
13026,6811,1022.0026,-0.2353,0.4748,-0.2238,0.7500,135.0000,2
13036,6821,1022.0015,-0.2384,0.1858,-0.2366,0.7500,135.0000,2
13046,6831,1022.0093,-0.2580,-0.2684,-0.2543,0.7500,135.0000,2
13056,6841,1022.0092,-0.2807,-0.6296,-0.2605,0.7500,135.0000,2
13066,6851,1022.0092,-0.2941,-0.7431,-0.2660,0.7500,135.0000,2
13076,6861,1022.0070,-0.3065,-0.7019,-0.2814,0.7500,135.0000,2
13086,6871,1022.0097,-0.3076,-0.5470,-0.2923,0.7500,135.0000,2
13096,6881,1022.0094,-0.3076,-0.5058,-0.2945,0.7500,135.0000,2
13106,6891,1022.0114,-0.3117,-0.6193,-0.2921,0.7500,135.0000,2
13116,6901,1022.0123,-0.3230,-0.8877,-0.2829,0.7500,135.0000,2
13126,6911,1022.0137,-0.3313,-0.9599,-0.2843,0.7500,135.0000,2
13136,6921,1022.0023,-0.3168,-0.7845,-0.2855,0.7500,135.0000,2
13146,6931,1022.0002,-0.2921,-0.3406,-0.2862,0.7500,135.0000,2
13156,6941,1022.0004,-0.2673,0.1342,-0.2664,0.7500,135.0000,2
13166,6951,1021.9973,-0.2322,0.6193,-0.2127,0.7500,135.0000,2
13176,6961,1022.0025,-0.2332,0.7328,-0.2059,0.7500,135.0000,2
13186,6971,1021.9977,-0.2281,0.7948,-0.1959,0.7500,135.0000,2
13196,6981,1022.0018,-0.2302,0.7741,-0.1996,0.7500,135.0000,2
13206,6991,1021.9965,-0.2291,0.8257,-0.1944,0.7500,135.0000,2
13216,7001,1021.9967,-0.2167,1.0631,-0.1591,0.7500,135.0000,2
13226,7011,1021.9999,-0.2219,1.0941,-0.1609,0.7500,135.0000,2
13236,7021,1021.9956,-0.2085,1.0838,-0.1486,0.7500,135.0000,2
13246,7031,1022.0013,-0.2188,0.7328,-0.1914,0.7500,135.0000,2
13256,7041,1022.0024,-0.2312,0.3612,-0.2245,0.7500,135.0000,2
13266,7051,1022.0057,-0.2436,-0.1135,-0.2429,0.7500,135.0000,2
13276,7061,1022.0059,-0.2663,-0.3303,-0.2607,0.7500,135.0000,2
13286,7071,1022.0037,-0.2714,-0.4335,-0.2619,0.7500,135.0000,2
13296,7081,1022.0029,-0.2735,-0.4335,-0.2639,0.7500,135.0000,2
13306,7091,1022.0083,-0.2787,-0.4954,-0.2661,0.7500,135.0000,2
13316,7101,1022.0078,-0.2828,-0.6606,-0.2605,0.7500,135.0000,2
13326,7111,1022.0060,-0.2869,-0.6503,-0.2654,0.7500,135.0000,2
13336,7121,1022.0062,-0.2941,-0.8567,-0.2567,0.7500,135.0000,2
13346,7131,1021.9988,-0.2735,-0.5471,-0.2582,0.7500,135.0000,2
13356,7141,1021.9999,-0.2560,-0.2477,-0.2528,0.7500,135.0000,2
13366,7151,1022.0098,-0.2652,-0.2168,-0.2628,0.7500,135.0000,2
13376,7161,1022.0060,-0.2642,0.0206,-0.2642,0.7500,135.0000,2
13386,7171,1022.0082,-0.2838,-0.1238,-0.2830,0.7500,135.0000,2
13396,7181,1022.0093,-0.3045,-0.3096,-0.2996,0.7500,135.0000,2
13406,7191,1022.0066,-0.2972,-0.1857,-0.2955,0.7500,135.0000,2
13416,7201,1022.0103,-0.3065,-0.2373,-0.3037,0.7500,135.0000,2
13426,7211,1021.9980,-0.2849,0.0208,-0.2848,0.7500,135.0000,2
13436,7221,1021.9958,-0.2549,0.3924,-0.2471,0.7500,135.0000,2
13446,7231,1021.9991,-0.2394,0.3408,-0.2335,0.7500,135.0000,2
13456,7241,1021.9937,-0.2044,0.5162,-0.1908,0.7500,135.0000,2
13466,7251,1021.9946,-0.1971,0.6814,-0.1735,0.7500,135.0000,2
13476,7261,1022.0005,-0.2074,0.5678,-0.1910,0.7500,135.0000,2
13486,7271,1021.9962,-0.2013,0.8258,-0.1665,0.7500,135.0000,2
13496,7281,1021.9990,-0.2126,0.9187,-0.1696,0.7500,135.0000,2
13506,7291,1021.9986,-0.2209,0.7638,-0.1911,0.7500,135.0000,2
13516,7301,1021.9961,-0.2116,0.9496,-0.1656,0.7500,135.0000,2
13526,7311,1021.9915,-0.2013,0.8360,-0.1656,0.7500,135.0000,2
13536,7321,1021.9921,-0.1868,0.6812,-0.1632,0.7500,135.0000,2
13546,7331,1021.9965,-0.1827,0.5677,-0.1663,0.7500,135.0000,2
13556,7341,1021.9982,-0.1868,0.1755,-0.1852,0.7500,135.0000,2
13566,7351,1021.9995,-0.2044,-0.0723,-0.2041,0.7500,135.0000,2
13576,7361,1021.9962,-0.2126,-0.0516,-0.2125,0.7500,135.0000,2
13586,7371,1021.9974,-0.2147,-0.1342,-0.2138,0.7500,135.0000,2
13596,7381,1022.0005,-0.2198,-0.0723,-0.2196,0.7500,135.0000,2
13606,7391,1021.9969,-0.2147,0.0619,-0.2145,0.7500,135.0000,2
13616,7401,1021.9977,-0.2178,-0.0619,-0.2176,0.7500,135.0000,2
13626,7411,1021.9933,-0.2095,-0.0826,-0.2092,0.7500,135.0000,2
13636,7421,1021.9938,-0.1951,-0.0826,-0.1947,0.7500,135.0000,2
13646,7431,1022.0023,-0.2064,-0.2374,-0.2035,0.7500,135.0000,2
13656,7441,1022.0021,-0.2157,-0.2890,-0.2114,0.7500,135.0000,2
13666,7451,1022.0070,-0.2446,-0.4026,-0.2363,0.7500,135.0000,2
13676,7461,1022.0135,-0.2879,-0.7535,-0.2590,0.7500,135.0000,2
13686,7471,1022.0200,-0.3251,-1.1042,-0.2630,0.7500,135.0000,2
13696,7481,1022.0088,-0.3395,-1.1971,-0.2665,0.7500,135.0000,2
13706,7491,1022.0093,-0.3447,-1.3003,-0.2586,0.7500,135.0000,2
13716,7501,1022.0072,-0.3313,-1.1351,-0.2656,0.7500,135.0000,2
13726,7511,1022.0170,-0.3251,-1.1558,-0.2570,0.7500,135.0000,2
13736,7521,1022.0131,-0.3344,-1.3932,-0.2355,0.7500,135.0000,2
13746,7531,1022.0049,-0.3251,-1.1867,-0.2533,0.7500,135.0000,2
13756,7541,1022.0105,-0.3313,-1.1558,-0.2632,0.7500,135.0000,2
13766,7551,1022.0112,-0.3189,-0.7429,-0.2908,0.7500,135.0000,2
13776,7561,1022.0094,-0.3107,-0.2268,-0.3080,0.7500,135.0000,2
13786,7571,1022.0067,-0.3148,0.1032,-0.3142,0.7500,135.0000,2
13796,7581,1022.0045,-0.3014,0.3819,-0.2939,0.7500,135.0000,2
13806,7591,1022.0073,-0.2941,0.5058,-0.2811,0.7500,135.0000,2
13816,7601,1022.0088,-0.2931,0.3819,-0.2857,0.7500,135.0000,2
13826,7611,1022.0077,-0.2952,0.2993,-0.2906,0.7500,135.0000,2
13836,7621,1022.0039,-0.2941,0.4025,-0.2859,0.7500,135.0000,2
13846,7631,1022.0038,-0.2869,0.3819,-0.2795,0.7500,135.0000,2
13856,7641,1021.9973,-0.2621,0.6915,-0.2378,0.7500,135.0000,2
13866,7651,1021.9930,-0.2302,0.8876,-0.1900,0.7500,135.0000,2
13876,7661,1021.9973,-0.2157,0.9496,-0.1698,0.7500,135.0000,2
13886,7671,1021.9924,-0.1909,1.2386,-0.1128,0.7500,135.0000,2
13896,7681,1021.9955,-0.1878,1.1354,-0.1221,0.7500,135.0000,2
13906,7691,1021.9926,-0.1858,1.0838,-0.1259,0.7500,135.0000,2
13916,7701,1021.9962,-0.1837,1.0941,-0.1227,0.7500,135.0000,2
13926,7711,1021.9863,-0.1703,1.2489,-0.0908,0.7500,135.0000,2
13936,7721,1021.9902,-0.1589,1.3521,-0.0658,0.7500,135.0000,2
13946,7731,1021.9944,-0.1631,1.2386,-0.0849,0.7500,135.0000,2
13956,7741,1021.9968,-0.1641,0.9805,-0.1151,0.7500,135.0000,2
13966,7751,1021.9995,-0.1920,0.3819,-0.1845,0.7500,135.0000,2
13976,7761,1022.0006,-0.2136,0.0206,-0.2136,0.7500,135.0000,2
13986,7771,1022.0022,-0.2302,-0.3922,-0.2223,0.7500,135.0000,2
13996,7781,1021.9974,-0.2312,-0.4335,-0.2216,0.7500,135.0000,2
14006,7791,1022.0006,-0.2332,-0.4748,-0.2218,0.7500,135.0000,2
14016,7801,1022.0051,-0.2436,-0.5987,-0.2253,0.7500,135.0000,2
14026,7811,1022.0050,-0.2498,-0.7948,-0.2176,0.7500,135.0000,2
14036,7821,1022.0062,-0.2683,-1.0941,-0.2073,0.7500,135.0000,2
14046,7831,1022.0043,-0.2766,-1.1354,-0.2109,0.7500,135.0000,2
14056,7841,1022.0050,-0.2756,-1.1147,-0.2122,0.7500,135.0000,2
14066,7851,1022.0122,-0.2910,-0.9909,-0.2410,0.7500,135.0000,2
14076,7861,1022.0088,-0.2962,-0.8257,-0.2615,0.7500,135.0000,2
14086,7871,1022.0062,-0.3003,-0.7019,-0.2752,0.7500,135.0000,2
14096,7881,1022.0056,-0.3014,-0.7019,-0.2763,0.7500,135.0000,2
14106,7891,1022.0090,-0.2941,-0.6090,-0.2752,0.7500,135.0000,2
14116,7901,1022.0028,-0.2818,-0.3820,-0.2743,0.7500,135.0000,2
14126,7911,1022.0097,-0.2890,-0.3923,-0.2811,0.7500,135.0000,2
14136,7921,1022.0098,-0.2972,-0.2891,-0.2930,0.7500,135.0000,2
14146,7931,1022.0053,-0.2890,-0.1240,-0.2882,0.7500,135.0000,2
14156,7941,1022.0028,-0.2890,-0.1343,-0.2881,0.7500,135.0000,2
14166,7951,1022.0084,-0.2859,0.0515,-0.2857,0.7500,135.0000,2
14176,7961,1022.0101,-0.2869,0.0928,-0.2865,0.7500,135.0000,2
14186,7971,1022.0013,-0.2787,0.2166,-0.2763,0.7500,135.0000,2
14196,7981,1022.0033,-0.2797,0.2166,-0.2773,0.7500,135.0000,2
14206,7991,1022.0022,-0.2673,0.2683,-0.2636,0.7500,135.0000,2
14216,8001,1021.9976,-0.2394,0.4231,-0.2303,0.7500,135.0000,2
14226,8011,1022.0031,-0.2425,0.4645,-0.2315,0.7500,135.0000,2
14236,8021,1022.0151,-0.2683,0.2890,-0.2641,0.7500,135.0000,2
14246,8031,1022.0056,-0.2756,0.1342,-0.2746,0.7500,135.0000,2
14256,8041,1022.0023,-0.2859,0.0310,-0.2858,0.7500,135.0000,2
14266,8051,1022.0160,-0.3127,-0.2684,-0.3090,0.7500,135.0000,2
14276,8061,1022.0071,-0.2962,-0.0929,-0.2958,0.7500,135.0000,2
14286,8071,1022.0093,-0.3034,-0.2477,-0.3003,0.7500,135.0000,2
14296,8081,1022.0146,-0.3292,-0.4954,-0.3167,0.7500,135.0000,2
14306,8091,1022.0143,-0.3261,-0.5883,-0.3085,0.7500,135.0000,2
14316,8101,1022.0133,-0.3385,-0.9909,-0.2885,0.7500,135.0000,2
14326,8111,1022.0116,-0.3437,-1.0115,-0.2915,0.7500,135.0000,2
14336,8121,1022.0112,-0.3365,-0.6812,-0.3128,0.7500,135.0000,2
14346,8131,1022.0181,-0.3447,-0.6916,-0.3203,0.7500,135.0000,2
14356,8141,1022.0020,-0.3210,-0.3509,-0.3147,0.7500,135.0000,2
14366,8151,1022.0165,-0.3313,-0.1858,-0.3295,0.7500,135.0000,2
14376,8161,1022.0143,-0.3375,-0.4129,-0.3288,0.7500,135.0000,2
14386,8171,1022.0139,-0.3292,-0.2581,-0.3258,0.7500,135.0000,2
14396,8181,1022.0105,-0.3468,-0.1755,-0.3452,0.7500,135.0000,2
14406,8191,1022.0164,-0.3468,-0.2065,-0.3446,0.7500,135.0000,2
14416,8201,1022.0118,-0.3406,-0.0207,-0.3406,0.7500,135.0000,2
14426,8211,1022.0121,-0.3365,0.0722,-0.3362,0.7500,135.0000,2
14436,8221,1022.0153,-0.3468,-0.1032,-0.3462,0.7500,135.0000,2
14446,8231,1022.0125,-0.3385,0.0619,-0.3383,0.7500,135.0000,2
14456,8241,1022.0110,-0.3375,-0.1652,-0.3361,0.7500,135.0000,2
14466,8251,1022.0035,-0.3189,0.1238,-0.3181,0.7500,135.0000,2
14476,8261,1022.0153,-0.3189,0.1858,-0.3171,0.7500,135.0000,2
14486,8271,1022.0140,-0.3220,0.0723,-0.3217,0.7500,135.0000,2
14496,8281,1022.0131,-0.3261,0.2064,-0.3240,0.7500,135.0000,2
14506,8291,1022.0153,-0.3519,-0.0516,-0.3518,0.7500,135.0000,2
14516,8301,1022.0145,-0.3509,-0.1032,-0.3504,0.7500,135.0000,2
14526,8311,1022.0067,-0.3354,0.0103,-0.3354,0.7500,135.0000,2
14536,8321,1022.0067,-0.3220,0.2477,-0.3189,0.7500,135.0000,2
14546,8331,1022.0037,-0.2983,0.4025,-0.2900,0.7500,135.0000,2
14556,8341,1022.0009,-0.2694,0.6812,-0.2457,0.7500,135.0000,2
14566,8351,1022.0015,-0.2570,0.6193,-0.2374,0.7500,135.0000,2
14576,8361,1022.0006,-0.2446,0.7431,-0.2165,0.7500,135.0000,2
14586,8371,1021.9991,-0.2353,0.8670,-0.1970,0.7500,135.0000,2
14596,8381,1021.9974,-0.2271,0.9909,-0.1770,0.7500,135.0000,2
14606,8391,1021.9946,-0.2126,1.3934,-0.1137,0.7500,135.0000,2
14616,8401,1021.9959,-0.2033,1.4760,-0.0923,0.7500,135.0000,2
14626,8411,1021.9969,-0.1992,1.3624,-0.1046,0.7500,135.0000,2
14636,8421,1022.0007,-0.2064,1.1560,-0.1383,0.7500,135.0000,2
14646,8431,1022.0112,-0.2415,0.5677,-0.2251,0.7500,135.0000,2
14656,8441,1022.0138,-0.2797,-0.1032,-0.2791,0.7500,135.0000,2
14666,8451,1022.0134,-0.3148,-0.5780,-0.2978,0.7500,135.0000,2
14676,8461,1022.0117,-0.3375,-0.9290,-0.2935,0.7500,135.0000,2
14686,8471,1022.0046,-0.3241,-0.8877,-0.2839,0.7500,135.0000,2
14696,8481,1022.0058,-0.3076,-0.8051,-0.2745,0.7500,135.0000,2
14706,8491,1022.0112,-0.3024,-0.8980,-0.2613,0.7500,135.0000,2
14716,8501,1022.0106,-0.3003,-0.9702,-0.2524,0.7500,135.0000,2
14726,8511,1022.0164,-0.3241,-1.2489,-0.2446,0.7500,135.0000,2
14736,8521,1022.0176,-0.3488,-1.4244,-0.2455,0.7500,135.0000,2
14746,8531,1022.0243,-0.3767,-1.3521,-0.2835,0.7500,135.0000,2
14756,8541,1022.0153,-0.3860,-1.0631,-0.3284,0.7500,135.0000,2
14766,8551,1022.0071,-0.3664,-0.5161,-0.3528,0.7500,135.0000,2
14776,8561,1022.0010,-0.3323,0.0516,-0.3322,0.7500,135.0000,2
14786,8571,1022.0045,-0.2900,0.3404,-0.2841,0.7500,135.0000,2
14796,8581,1022.0013,-0.2601,0.4747,-0.2486,0.7500,135.0000,2
14806,8591,1022.0054,-0.2570,0.4541,-0.2465,0.7500,135.0000,2
14816,8601,1022.0063,-0.2683,0.3200,-0.2631,0.7500,135.0000,2
14826,8611,1022.0122,-0.2849,0.3921,-0.2770,0.7500,135.0000,2
14836,8621,1022.0039,-0.2900,0.5882,-0.2724,0.7500,135.0000,2
14846,8631,1021.9903,-0.2580,1.1869,-0.1862,0.7500,135.0000,2
14856,8641,1021.9889,-0.2209,1.6514,-0.0819,0.7500,135.0000,2
14866,8651,1021.9968,-0.1878,1.7855,-0.0254,0.7500,135.0000,2
14876,8661,1021.9976,-0.1744,1.5791,-0.0474,0.7500,135.0000,2
14886,8671,1022.0033,-0.2023,0.8775,-0.1630,0.7500,135.0000,2
14896,8681,1021.9907,-0.2064,0.5367,-0.1917,0.7500,135.0000,2
14906,8691,1021.9998,-0.2126,0.4438,-0.2026,0.7500,135.0000,2
14916,8701,1022.0057,-0.2291,0.3921,-0.2213,0.7500,135.0000,2
14926,8711,1022.0065,-0.2353,0.4954,-0.2228,0.7500,135.0000,2
14936,8721,1022.0040,-0.2642,0.2580,-0.2608,0.7500,135.0000,2
14946,8731,1022.0028,-0.2704,-0.1239,-0.2696,0.7500,135.0000,2
14956,8741,1022.0056,-0.2704,-0.4954,-0.2579,0.7500,135.0000,2
14966,8751,1022.0078,-0.2725,-0.8464,-0.2360,0.7500,135.0000,2
14976,8761,1022.0071,-0.2797,-1.0528,-0.2232,0.7500,135.0000,2
14986,8771,1022.0084,-0.2910,-0.8877,-0.2509,0.7500,135.0000,2
14996,8781,1022.0077,-0.2952,-0.8876,-0.2550,0.7500,135.0000,2
15006,8791,1022.0049,-0.2890,-0.7638,-0.2592,0.7500,135.0000,2
15016,8801,1022.0126,-0.3003,-0.7121,-0.2745,0.7500,135.0000,2
15026,8811,1022.0040,-0.2921,-0.5676,-0.2757,0.7500,135.0000,2
15036,8821,1022.0044,-0.2849,-0.2063,-0.2827,0.7500,135.0000,2
15046,8831,1022.0046,-0.2849,-0.1444,-0.2838,0.7500,135.0000,2
15056,8841,1022.0084,-0.2756,-0.0515,-0.2754,0.7500,135.0000,2
15066,8851,1022.0076,-0.2828,-0.1031,-0.2822,0.7500,135.0000,2
15076,8861,1022.0128,-0.3003,-0.2063,-0.2982,0.7500,135.0000,2
15086,8871,1022.0094,-0.3096,-0.1857,-0.3079,0.7500,135.0000,2
15096,8881,1022.0049,-0.3024,-0.0721,-0.3021,0.7500,135.0000,2
15106,8891,1022.0057,-0.2983,-0.0928,-0.2978,0.7500,135.0000,2
15116,8901,1022.0064,-0.2859,0.1445,-0.2848,0.7500,135.0000,2
15126,8911,1022.0164,-0.3014,-0.0929,-0.3009,0.7500,135.0000,2
15136,8921,1022.0188,-0.3303,-0.4542,-0.3197,0.7500,135.0000,2
15146,8931,1022.0110,-0.3406,-0.5574,-0.3247,0.7500,135.0000,2
15156,8941,1022.0088,-0.3457,-0.7019,-0.3206,0.7500,135.0000,2
15166,8951,1022.0081,-0.3282,-0.4542,-0.3177,0.7500,135.0000,2
15176,8961,1022.0096,-0.3086,-0.0826,-0.3082,0.7500,135.0000,2
15186,8971,1022.0050,-0.2962,0.1342,-0.2953,0.7500,135.0000,2
15196,8981,1022.0067,-0.2921,0.1032,-0.2915,0.7500,135.0000,2
15206,8991,1022.0042,-0.2838,0.1445,-0.2828,0.7500,135.0000,2
15216,9001,1022.0022,-0.2683,0.1755,-0.2668,0.7500,135.0000,2
15226,9011,1022.0067,-0.2725,0.2890,-0.2682,0.7500,135.0000,2
15236,9021,1021.9974,-0.2518,0.7844,-0.2205,0.7500,135.0000,2
15246,9031,1021.9978,-0.2384,1.0218,-0.1852,0.7500,135.0000,2
15256,9041,1022.0033,-0.2405,1.0528,-0.1840,0.7500,135.0000,2
15266,9051,1022.0067,-0.2394,0.8876,-0.1993,0.7500,135.0000,2
15276,9061,1022.0115,-0.2694,0.3922,-0.2615,0.7500,135.0000,2
15286,9071,1022.0165,-0.3086,-0.1236,-0.3078,0.7500,135.0000,2
15296,9081,1022.0114,-0.3261,-0.3405,-0.3202,0.7500,135.0000,2
15306,9091,1022.0187,-0.3509,-0.6706,-0.3280,0.7500,135.0000,2
15316,9101,1022.0132,-0.3550,-0.8667,-0.3167,0.7500,135.0000,2
15326,9111,1022.0090,-0.3395,-0.6706,-0.3166,0.7500,135.0000,2
15336,9121,1022.0131,-0.3437,-0.9183,-0.3007,0.7500,135.0000,2
15346,9131,1022.0074,-0.3199,-0.8151,-0.2861,0.7500,135.0000,2
15356,9141,1022.0150,-0.3241,-0.8357,-0.2885,0.7500,135.0000,2
15366,9151,1022.0074,-0.3199,-0.8047,-0.2869,0.7500,135.0000,2
15376,9161,1022.0062,-0.3055,-0.3609,-0.2989,0.7500,135.0000,2
15386,9171,1022.0104,-0.3117,-0.0309,-0.3116,0.7500,135.0000,2
15396,9181,1022.0016,-0.2828,0.4337,-0.2732,0.7500,135.0000,2
15406,9191,1022.0106,-0.2900,0.6090,-0.2711,0.7500,135.0000,2
15416,9201,1022.0056,-0.2879,0.6710,-0.2650,0.7500,135.0000,2
15426,9211,1022.0100,-0.2879,0.5161,-0.2744,0.7500,135.0000,2
15436,9221,1022.0051,-0.2952,0.4851,-0.2832,0.7500,135.0000,2
15446,9231,1022.0095,-0.2931,0.2683,-0.2894,0.7500,135.0000,2
15456,9241,1022.0137,-0.3096,0.1445,-0.3086,0.7500,135.0000,2
15466,9251,1022.0153,-0.3210,-0.0103,-0.3210,0.7500,135.0000,2
15476,9261,1022.0090,-0.3292,-0.2374,-0.3264,0.7500,135.0000,2
15486,9271,1022.0118,-0.3344,-0.2271,-0.3318,0.7500,135.0000,2
15496,9281,1022.0110,-0.3292,-0.4645,-0.3182,0.7500,135.0000,2
15506,9291,1022.0043,-0.3055,-0.1548,-0.3043,0.7500,135.0000,2
15516,9301,1022.0045,-0.2962,-0.0826,-0.2959,0.7500,135.0000,2
15526,9311,1022.0032,-0.2787,0.0929,-0.2782,0.7500,135.0000,2
15536,9321,1022.0000,-0.2549,0.4025,-0.2467,0.7500,135.0000,2
15546,9331,1022.0022,-0.2498,0.4335,-0.2402,0.7500,135.0000,2
15556,9341,1022.0051,-0.2518,0.5780,-0.2348,0.7500,135.0000,2
15566,9351,1022.0045,-0.2549,0.6606,-0.2327,0.7500,135.0000,2
15576,9361,1022.0003,-0.2549,0.7432,-0.2268,0.7500,135.0000,2
15586,9371,1021.9999,-0.2508,0.8360,-0.2152,0.7500,135.0000,2
15596,9381,1022.0021,-0.2446,0.8464,-0.2081,0.7500,135.0000,2
15606,9391,1022.0013,-0.2374,0.6812,-0.2137,0.7500,135.0000,2
15616,9401,1021.9966,-0.2302,0.6606,-0.2079,0.7500,135.0000,2
15626,9411,1021.9979,-0.2250,0.5367,-0.2103,0.7500,135.0000,2
15636,9421,1021.9989,-0.2188,0.3612,-0.2121,0.7500,135.0000,2
15646,9431,1022.0021,-0.2198,0.2993,-0.2153,0.7500,135.0000,2
15656,9441,1022.0081,-0.2446,0.0722,-0.2443,0.7500,135.0000,2
15666,9451,1022.0059,-0.2621,-0.0723,-0.2619,0.7500,135.0000,2
15676,9461,1021.9989,-0.2621,-0.0723,-0.2619,0.7500,135.0000,2
15686,9471,1021.9932,-0.2425,0.0825,-0.2422,0.7500,135.0000,2
15696,9481,1021.9896,-0.2033,0.4130,-0.1946,0.7500,135.0000,2
15706,9491,1021.9846,-0.1579,0.7945,-0.1257,0.7500,135.0000,2
15716,9501,1021.9870,-0.1321,0.9805,-0.0831,0.7500,135.0000,2
15726,9511,1021.9878,-0.1208,1.0424,-0.0654,0.7500,135.0000,2
15736,9521,1021.9871,-0.1156,1.0321,-0.0613,0.7500,135.0000,2
15746,9531,1021.9990,-0.1466,0.7327,-0.1192,0.7500,135.0000,2
15756,9541,1022.0028,-0.1796,0.6502,-0.1580,0.7500,135.0000,2
15766,9551,1021.9961,-0.1961,0.6605,-0.1739,0.7500,135.0000,2
15776,9561,1021.9971,-0.2178,0.4437,-0.2077,0.7500,135.0000,2
15786,9571,1022.0009,-0.2209,0.2168,-0.2185,0.7500,135.0000,2
15796,9581,1022.0028,-0.2209,-0.1757,-0.2193,0.7500,135.0000,2
15806,9591,1022.0063,-0.2425,-0.8462,-0.2060,0.7500,135.0000,2
15816,9601,1022.0068,-0.2642,-1.3212,-0.1753,0.7500,135.0000,2
15826,9611,1022.0013,-0.2652,-1.4450,-0.1588,0.7500,135.0000,2
15836,9621,1021.9977,-0.2529,-1.3728,-0.1568,0.7500,135.0000,2
15846,9631,1021.9983,-0.2353,-0.8877,-0.1952,0.7500,135.0000,2
15856,9641,1021.9985,-0.2178,-0.3819,-0.2103,0.7500,135.0000,2
15866,9651,1021.9989,-0.2126,-0.1652,-0.2112,0.7500,135.0000,2
15876,9661,1021.9960,-0.2095,0.0826,-0.2092,0.7500,135.0000,2
15886,9671,1022.0006,-0.2147,0.0619,-0.2145,0.7500,135.0000,2
15896,9681,1021.9982,-0.2136,0.0722,-0.2134,0.7500,135.0000,2
15906,9691,1021.9978,-0.2116,0.3096,-0.2067,0.7500,135.0000,2
15916,9701,1021.9961,-0.2116,0.5264,-0.1975,0.7500,135.0000,2
15926,9711,1021.9962,-0.2023,0.6296,-0.1821,0.7500,135.0000,2
15936,9721,1021.9991,-0.2044,0.4851,-0.1924,0.7500,135.0000,2
15946,9731,1022.0028,-0.2157,0.1961,-0.2137,0.7500,135.0000,2
15956,9741,1021.9982,-0.2198,-0.0207,-0.2198,0.7500,135.0000,2
15966,9751,1022.0016,-0.2312,-0.1858,-0.2294,0.7500,135.0000,2
15976,9761,1022.0063,-0.2467,-0.3716,-0.2396,0.7500,135.0000,2
15986,9771,1022.0052,-0.2518,-0.3716,-0.2448,0.7500,135.0000,2
15996,9781,1022.0002,-0.2570,-0.4335,-0.2474,0.7500,135.0000,2
16006,9791,1021.9973,-0.2477,-0.3613,-0.2410,0.7500,135.0000,2
16016,9801,1021.9978,-0.2291,-0.1755,-0.2276,0.7500,135.0000,2
16026,9811,1022.0043,-0.2271,-0.2477,-0.2239,0.7500,135.0000,2
16036,9821,1022.0002,-0.2271,-0.2271,-0.2244,0.7500,135.0000,2
16046,9831,1021.9970,-0.2260,-0.1032,-0.2255,0.7500,135.0000,2
16056,9841,1022.0007,-0.2322,-0.1239,-0.2314,0.7500,135.0000,2
16066,9851,1022.0028,-0.2281,0.0309,-0.2280,0.7500,135.0000,2
16076,9861,1022.0130,-0.2560,-0.0929,-0.2555,0.7500,135.0000,2
16086,9871,1022.0162,-0.2972,-0.4542,-0.2867,0.7500,135.0000,2
16096,9881,1022.0248,-0.3478,-0.9083,-0.3058,0.7500,135.0000,2
16106,9891,1022.0134,-0.3705,-1.2282,-0.2936,0.7500,135.0000,2
16116,9901,1022.0145,-0.3736,-1.4450,-0.2672,0.7500,135.0000,2
16126,9911,1022.0173,-0.3767,-1.4966,-0.2626,0.7500,135.0000,2
16136,9921,1022.0144,-0.3540,-1.2695,-0.2719,0.7500,135.0000,2
16146,9931,1022.0159,-0.3592,-1.3315,-0.2688,0.7500,135.0000,2
16156,9941,1022.0154,-0.3612,-1.2902,-0.2764,0.7500,135.0000,2
16166,9951,1022.0161,-0.3592,-1.3108,-0.2716,0.7500,135.0000,2
